Command line invocation:
    /Applications/Xcode.app/Contents/Developer/usr/bin/xcodebuild test -workspace "Wierd Parts.xcworkspace" -scheme WiredPart-macOS -destination platform=macOS,arch=arm64 -resultBundlePath docs/evidence/WEI-850/WEI-971/WiredPart-macOS.xcresult

Resolve Package Graph


Resolved source packages:
  GRDB: https://github.com/groue/GRDB.swift @ 7.10.0
  WiredPartCore: /Users/IA/.paperclip/instances/default/workspaces/5ceb923d-4bd9-4bba-913c-6134b336a96e/Weird-Part-Run-2/core

Writing result bundle at path:
	/Users/IA/.paperclip/instances/default/workspaces/5ceb923d-4bd9-4bba-913c-6134b336a96e/Weird-Part-Run-2/docs/evidence/WEI-850/WEI-971/WiredPart-macOS.xcresult

ComputePackagePrebuildTargetDependencyGraph

Prepare packages

CreateBuildRequest

SendProjectDescription

CreateBuildOperation

ComputeTargetDependencyGraph
note: Building targets in dependency order
note: Target dependency graph (2 targets)
    Target 'WeirdPartsMacAppTests' in project 'WeirdPartsMacApp'
        ➜ Explicit dependency on target 'WeirdPartsMacApp' in project 'WeirdPartsMacApp'
    Target 'WeirdPartsMacApp' in project 'WeirdPartsMacApp' (no dependencies)

GatherProvisioningInputs

CreateBuildDescription

ExecuteExternalTool /Applications/Xcode.app/Contents/Developer/Toolchains/XcodeDefault.xctoolchain/usr/bin/swiftc --version

ExecuteExternalTool /Applications/Xcode.app/Contents/Developer/Toolchains/XcodeDefault.xctoolchain/usr/bin/clang -v -E -dM -isysroot /Applications/Xcode.app/Contents/Developer/Platforms/MacOSX.platform/Developer/SDKs/MacOSX26.5.sdk -x c -c /dev/null

ExecuteExternalTool /Applications/Xcode.app/Contents/Developer/Toolchains/XcodeDefault.xctoolchain/usr/bin/ld -version_details

Build description signature: 37f28fa18d71979ea9634f5bfb281293
Build description path: /Users/IA/Library/Developer/Xcode/DerivedData/Wierd_Parts-eofifeukfuklbhcyiaxogvwfccud/Build/Intermediates.noindex/XCBuildData/37f28fa18d71979ea9634f5bfb281293.xcbuilddata
ClangStatCache /Applications/Xcode.app/Contents/Developer/Toolchains/XcodeDefault.xctoolchain/usr/bin/clang-stat-cache /Applications/Xcode.app/Contents/Developer/Platforms/MacOSX.platform/Developer/SDKs/MacOSX26.5.sdk /Users/IA/Library/Developer/Xcode/DerivedData/SDKStatCaches.noindex/macosx26.5-25F70-e082c4a02f00227109f4ed75e425c832.sdkstatcache
    cd /Users/IA/.paperclip/instances/default/workspaces/5ceb923d-4bd9-4bba-913c-6134b336a96e/Weird-Part-Run-2
    /Applications/Xcode.app/Contents/Developer/Toolchains/XcodeDefault.xctoolchain/usr/bin/clang-stat-cache /Applications/Xcode.app/Contents/Developer/Platforms/MacOSX.platform/Developer/SDKs/MacOSX26.5.sdk -o /Users/IA/Library/Developer/Xcode/DerivedData/SDKStatCaches.noindex/macosx26.5-25F70-e082c4a02f00227109f4ed75e425c832.sdkstatcache

CreateBuildDirectory /Users/IA/Library/Developer/Xcode/DerivedData/Wierd_Parts-eofifeukfuklbhcyiaxogvwfccud/Build/Products/Debug
    cd /Users/IA/.paperclip/instances/default/workspaces/5ceb923d-4bd9-4bba-913c-6134b336a96e/Weird-Part-Run-2
    builtin-create-build-directory /Users/IA/Library/Developer/Xcode/DerivedData/Wierd_Parts-eofifeukfuklbhcyiaxogvwfccud/Build/Products/Debug

CreateBuildDirectory /Users/IA/Library/Developer/Xcode/DerivedData/Wierd_Parts-eofifeukfuklbhcyiaxogvwfccud/Build/Intermediates.noindex/EagerLinkingTBDs/Debug
    cd /Users/IA/.paperclip/instances/default/workspaces/5ceb923d-4bd9-4bba-913c-6134b336a96e/Weird-Part-Run-2
    builtin-create-build-directory /Users/IA/Library/Developer/Xcode/DerivedData/Wierd_Parts-eofifeukfuklbhcyiaxogvwfccud/Build/Intermediates.noindex/EagerLinkingTBDs/Debug

WriteAuxiliaryFile /Users/IA/Library/Developer/Xcode/DerivedData/Wierd_Parts-eofifeukfuklbhcyiaxogvwfccud/Build/Intermediates.noindex/WeirdPartsMacApp.build/Debug/WeirdPartsMacApp-5febcf112b40e62171447e8712ed5dda-VFS/all-product-headers.yaml
    cd /Users/IA/.paperclip/instances/default/workspaces/5ceb923d-4bd9-4bba-913c-6134b336a96e/Weird-Part-Run-2
    write-file /Users/IA/Library/Developer/Xcode/DerivedData/Wierd_Parts-eofifeukfuklbhcyiaxogvwfccud/Build/Intermediates.noindex/WeirdPartsMacApp.build/Debug/WeirdPartsMacApp-5febcf112b40e62171447e8712ed5dda-VFS/all-product-headers.yaml

WriteAuxiliaryFile /Users/IA/Library/Developer/Xcode/DerivedData/Wierd_Parts-eofifeukfuklbhcyiaxogvwfccud/Build/Intermediates.noindex/WeirdPartsMacApp.build/Debug/WeirdPartsMacApp.build/WeirdPartsMacApp-project-headers.hmap (in target 'WeirdPartsMacApp' from project 'WeirdPartsMacApp')
    cd /Users/IA/.paperclip/instances/default/workspaces/5ceb923d-4bd9-4bba-913c-6134b336a96e/Weird-Part-Run-2/mac
    write-file /Users/IA/Library/Developer/Xcode/DerivedData/Wierd_Parts-eofifeukfuklbhcyiaxogvwfccud/Build/Intermediates.noindex/WeirdPartsMacApp.build/Debug/WeirdPartsMacApp.build/WeirdPartsMacApp-project-headers.hmap

WriteAuxiliaryFile /Users/IA/Library/Developer/Xcode/DerivedData/Wierd_Parts-eofifeukfuklbhcyiaxogvwfccud/Build/Intermediates.noindex/WeirdPartsMacApp.build/Debug/WeirdPartsMacApp.build/empty-WeirdPartsMacApp.plist (in target 'WeirdPartsMacApp' from project 'WeirdPartsMacApp')
    cd /Users/IA/.paperclip/instances/default/workspaces/5ceb923d-4bd9-4bba-913c-6134b336a96e/Weird-Part-Run-2/mac
    write-file /Users/IA/Library/Developer/Xcode/DerivedData/Wierd_Parts-eofifeukfuklbhcyiaxogvwfccud/Build/Intermediates.noindex/WeirdPartsMacApp.build/Debug/WeirdPartsMacApp.build/empty-WeirdPartsMacApp.plist

WriteAuxiliaryFile /Users/IA/Library/Developer/Xcode/DerivedData/Wierd_Parts-eofifeukfuklbhcyiaxogvwfccud/Build/Intermediates.noindex/WeirdPartsMacApp.build/Debug/WeirdPartsMacApp.build/WeirdPartsMacApp-generated-files.hmap (in target 'WeirdPartsMacApp' from project 'WeirdPartsMacApp')
    cd /Users/IA/.paperclip/instances/default/workspaces/5ceb923d-4bd9-4bba-913c-6134b336a96e/Weird-Part-Run-2/mac
    write-file /Users/IA/Library/Developer/Xcode/DerivedData/Wierd_Parts-eofifeukfuklbhcyiaxogvwfccud/Build/Intermediates.noindex/WeirdPartsMacApp.build/Debug/WeirdPartsMacApp.build/WeirdPartsMacApp-generated-files.hmap

WriteAuxiliaryFile /Users/IA/Library/Developer/Xcode/DerivedData/Wierd_Parts-eofifeukfuklbhcyiaxogvwfccud/Build/Intermediates.noindex/WeirdPartsMacApp.build/Debug/WeirdPartsMacApp.build/WeirdPartsMacApp.hmap (in target 'WeirdPartsMacApp' from project 'WeirdPartsMacApp')
    cd /Users/IA/.paperclip/instances/default/workspaces/5ceb923d-4bd9-4bba-913c-6134b336a96e/Weird-Part-Run-2/mac
    write-file /Users/IA/Library/Developer/Xcode/DerivedData/Wierd_Parts-eofifeukfuklbhcyiaxogvwfccud/Build/Intermediates.noindex/WeirdPartsMacApp.build/Debug/WeirdPartsMacApp.build/WeirdPartsMacApp.hmap

WriteAuxiliaryFile /Users/IA/Library/Developer/Xcode/DerivedData/Wierd_Parts-eofifeukfuklbhcyiaxogvwfccud/Build/Intermediates.noindex/WeirdPartsMacApp.build/Debug/WeirdPartsMacApp.build/WeirdPartsMacApp-own-target-headers.hmap (in target 'WeirdPartsMacApp' from project 'WeirdPartsMacApp')
    cd /Users/IA/.paperclip/instances/default/workspaces/5ceb923d-4bd9-4bba-913c-6134b336a96e/Weird-Part-Run-2/mac
    write-file /Users/IA/Library/Developer/Xcode/DerivedData/Wierd_Parts-eofifeukfuklbhcyiaxogvwfccud/Build/Intermediates.noindex/WeirdPartsMacApp.build/Debug/WeirdPartsMacApp.build/WeirdPartsMacApp-own-target-headers.hmap

WriteAuxiliaryFile /Users/IA/Library/Developer/Xcode/DerivedData/Wierd_Parts-eofifeukfuklbhcyiaxogvwfccud/Build/Intermediates.noindex/WeirdPartsMacApp.build/Debug/WeirdPartsMacApp.build/WeirdPartsMacApp-all-target-headers.hmap (in target 'WeirdPartsMacApp' from project 'WeirdPartsMacApp')
    cd /Users/IA/.paperclip/instances/default/workspaces/5ceb923d-4bd9-4bba-913c-6134b336a96e/Weird-Part-Run-2/mac
    write-file /Users/IA/Library/Developer/Xcode/DerivedData/Wierd_Parts-eofifeukfuklbhcyiaxogvwfccud/Build/Intermediates.noindex/WeirdPartsMacApp.build/Debug/WeirdPartsMacApp.build/WeirdPartsMacApp-all-target-headers.hmap

WriteAuxiliaryFile /Users/IA/Library/Developer/Xcode/DerivedData/Wierd_Parts-eofifeukfuklbhcyiaxogvwfccud/Build/Intermediates.noindex/WeirdPartsMacApp.build/Debug/WeirdPartsMacAppTests.build/WeirdPartsMacAppTests.hmap (in target 'WeirdPartsMacAppTests' from project 'WeirdPartsMacApp')
    cd /Users/IA/.paperclip/instances/default/workspaces/5ceb923d-4bd9-4bba-913c-6134b336a96e/Weird-Part-Run-2/mac
    write-file /Users/IA/Library/Developer/Xcode/DerivedData/Wierd_Parts-eofifeukfuklbhcyiaxogvwfccud/Build/Intermediates.noindex/WeirdPartsMacApp.build/Debug/WeirdPartsMacAppTests.build/WeirdPartsMacAppTests.hmap

WriteAuxiliaryFile /Users/IA/Library/Developer/Xcode/DerivedData/Wierd_Parts-eofifeukfuklbhcyiaxogvwfccud/Build/Intermediates.noindex/WeirdPartsMacApp.build/Debug/WeirdPartsMacAppTests.build/WeirdPartsMacAppTests.DependencyStaticMetadataFileList (in target 'WeirdPartsMacAppTests' from project 'WeirdPartsMacApp')
    cd /Users/IA/.paperclip/instances/default/workspaces/5ceb923d-4bd9-4bba-913c-6134b336a96e/Weird-Part-Run-2/mac
    write-file /Users/IA/Library/Developer/Xcode/DerivedData/Wierd_Parts-eofifeukfuklbhcyiaxogvwfccud/Build/Intermediates.noindex/WeirdPartsMacApp.build/Debug/WeirdPartsMacAppTests.build/WeirdPartsMacAppTests.DependencyStaticMetadataFileList

WriteAuxiliaryFile /Users/IA/Library/Developer/Xcode/DerivedData/Wierd_Parts-eofifeukfuklbhcyiaxogvwfccud/Build/Intermediates.noindex/WeirdPartsMacApp.build/Debug/WeirdPartsMacAppTests.build/WeirdPartsMacAppTests.DependencyMetadataFileList (in target 'WeirdPartsMacAppTests' from project 'WeirdPartsMacApp')
    cd /Users/IA/.paperclip/instances/default/workspaces/5ceb923d-4bd9-4bba-913c-6134b336a96e/Weird-Part-Run-2/mac
    write-file /Users/IA/Library/Developer/Xcode/DerivedData/Wierd_Parts-eofifeukfuklbhcyiaxogvwfccud/Build/Intermediates.noindex/WeirdPartsMacApp.build/Debug/WeirdPartsMacAppTests.build/WeirdPartsMacAppTests.DependencyMetadataFileList

WriteAuxiliaryFile /Users/IA/Library/Developer/Xcode/DerivedData/Wierd_Parts-eofifeukfuklbhcyiaxogvwfccud/Build/Intermediates.noindex/WeirdPartsMacApp.build/Debug/WeirdPartsMacAppTests.build/empty-WeirdPartsMacAppTests.plist (in target 'WeirdPartsMacAppTests' from project 'WeirdPartsMacApp')
    cd /Users/IA/.paperclip/instances/default/workspaces/5ceb923d-4bd9-4bba-913c-6134b336a96e/Weird-Part-Run-2/mac
    write-file /Users/IA/Library/Developer/Xcode/DerivedData/Wierd_Parts-eofifeukfuklbhcyiaxogvwfccud/Build/Intermediates.noindex/WeirdPartsMacApp.build/Debug/WeirdPartsMacAppTests.build/empty-WeirdPartsMacAppTests.plist

WriteAuxiliaryFile /Users/IA/Library/Developer/Xcode/DerivedData/Wierd_Parts-eofifeukfuklbhcyiaxogvwfccud/Build/Intermediates.noindex/WeirdPartsMacApp.build/Debug/WeirdPartsMacAppTests.build/WeirdPartsMacAppTests-project-headers.hmap (in target 'WeirdPartsMacAppTests' from project 'WeirdPartsMacApp')
    cd /Users/IA/.paperclip/instances/default/workspaces/5ceb923d-4bd9-4bba-913c-6134b336a96e/Weird-Part-Run-2/mac
    write-file /Users/IA/Library/Developer/Xcode/DerivedData/Wierd_Parts-eofifeukfuklbhcyiaxogvwfccud/Build/Intermediates.noindex/WeirdPartsMacApp.build/Debug/WeirdPartsMacAppTests.build/WeirdPartsMacAppTests-project-headers.hmap

WriteAuxiliaryFile /Users/IA/Library/Developer/Xcode/DerivedData/Wierd_Parts-eofifeukfuklbhcyiaxogvwfccud/Build/Intermediates.noindex/WeirdPartsMacApp.build/Debug/WeirdPartsMacAppTests.build/WeirdPartsMacAppTests-own-target-headers.hmap (in target 'WeirdPartsMacAppTests' from project 'WeirdPartsMacApp')
    cd /Users/IA/.paperclip/instances/default/workspaces/5ceb923d-4bd9-4bba-913c-6134b336a96e/Weird-Part-Run-2/mac
    write-file /Users/IA/Library/Developer/Xcode/DerivedData/Wierd_Parts-eofifeukfuklbhcyiaxogvwfccud/Build/Intermediates.noindex/WeirdPartsMacApp.build/Debug/WeirdPartsMacAppTests.build/WeirdPartsMacAppTests-own-target-headers.hmap

WriteAuxiliaryFile /Users/IA/Library/Developer/Xcode/DerivedData/Wierd_Parts-eofifeukfuklbhcyiaxogvwfccud/Build/Intermediates.noindex/WeirdPartsMacApp.build/Debug/WeirdPartsMacAppTests.build/WeirdPartsMacAppTests-generated-files.hmap (in target 'WeirdPartsMacAppTests' from project 'WeirdPartsMacApp')
    cd /Users/IA/.paperclip/instances/default/workspaces/5ceb923d-4bd9-4bba-913c-6134b336a96e/Weird-Part-Run-2/mac
    write-file /Users/IA/Library/Developer/Xcode/DerivedData/Wierd_Parts-eofifeukfuklbhcyiaxogvwfccud/Build/Intermediates.noindex/WeirdPartsMacApp.build/Debug/WeirdPartsMacAppTests.build/WeirdPartsMacAppTests-generated-files.hmap

WriteAuxiliaryFile /Users/IA/Library/Developer/Xcode/DerivedData/Wierd_Parts-eofifeukfuklbhcyiaxogvwfccud/Build/Intermediates.noindex/WeirdPartsMacApp.build/Debug/WeirdPartsMacAppTests.build/WeirdPartsMacAppTests-all-target-headers.hmap (in target 'WeirdPartsMacAppTests' from project 'WeirdPartsMacApp')
    cd /Users/IA/.paperclip/instances/default/workspaces/5ceb923d-4bd9-4bba-913c-6134b336a96e/Weird-Part-Run-2/mac
    write-file /Users/IA/Library/Developer/Xcode/DerivedData/Wierd_Parts-eofifeukfuklbhcyiaxogvwfccud/Build/Intermediates.noindex/WeirdPartsMacApp.build/Debug/WeirdPartsMacAppTests.build/WeirdPartsMacAppTests-all-target-headers.hmap

WriteAuxiliaryFile /Users/IA/Library/Developer/Xcode/DerivedData/Wierd_Parts-eofifeukfuklbhcyiaxogvwfccud/Build/Intermediates.noindex/WeirdPartsMacApp.build/Debug/WeirdPartsMacAppTests.build/WeirdPartsMacAppTests-all-non-framework-target-headers.hmap (in target 'WeirdPartsMacAppTests' from project 'WeirdPartsMacApp')
    cd /Users/IA/.paperclip/instances/default/workspaces/5ceb923d-4bd9-4bba-913c-6134b336a96e/Weird-Part-Run-2/mac
    write-file /Users/IA/Library/Developer/Xcode/DerivedData/Wierd_Parts-eofifeukfuklbhcyiaxogvwfccud/Build/Intermediates.noindex/WeirdPartsMacApp.build/Debug/WeirdPartsMacAppTests.build/WeirdPartsMacAppTests-all-non-framework-target-headers.hmap

WriteAuxiliaryFile /Users/IA/Library/Developer/Xcode/DerivedData/Wierd_Parts-eofifeukfuklbhcyiaxogvwfccud/Build/Intermediates.noindex/WeirdPartsMacApp.build/Debug/WeirdPartsMacAppTests.build/Objects-normal/arm64/WeirdPartsMacAppTests_const_extract_protocols.json (in target 'WeirdPartsMacAppTests' from project 'WeirdPartsMacApp')
    cd /Users/IA/.paperclip/instances/default/workspaces/5ceb923d-4bd9-4bba-913c-6134b336a96e/Weird-Part-Run-2/mac
    write-file /Users/IA/Library/Developer/Xcode/DerivedData/Wierd_Parts-eofifeukfuklbhcyiaxogvwfccud/Build/Intermediates.noindex/WeirdPartsMacApp.build/Debug/WeirdPartsMacAppTests.build/Objects-normal/arm64/WeirdPartsMacAppTests_const_extract_protocols.json

WriteAuxiliaryFile /Users/IA/Library/Developer/Xcode/DerivedData/Wierd_Parts-eofifeukfuklbhcyiaxogvwfccud/Build/Intermediates.noindex/WeirdPartsMacApp.build/Debug/WeirdPartsMacAppTests.build/Objects-normal/arm64/WeirdPartsMacAppTests.SwiftFileList (in target 'WeirdPartsMacAppTests' from project 'WeirdPartsMacApp')
    cd /Users/IA/.paperclip/instances/default/workspaces/5ceb923d-4bd9-4bba-913c-6134b336a96e/Weird-Part-Run-2/mac
    write-file /Users/IA/Library/Developer/Xcode/DerivedData/Wierd_Parts-eofifeukfuklbhcyiaxogvwfccud/Build/Intermediates.noindex/WeirdPartsMacApp.build/Debug/WeirdPartsMacAppTests.build/Objects-normal/arm64/WeirdPartsMacAppTests.SwiftFileList

WriteAuxiliaryFile /Users/IA/Library/Developer/Xcode/DerivedData/Wierd_Parts-eofifeukfuklbhcyiaxogvwfccud/Build/Intermediates.noindex/WeirdPartsMacApp.build/Debug/WeirdPartsMacAppTests.build/Objects-normal/arm64/WeirdPartsMacAppTests.SwiftConstValuesFileList (in target 'WeirdPartsMacAppTests' from project 'WeirdPartsMacApp')
    cd /Users/IA/.paperclip/instances/default/workspaces/5ceb923d-4bd9-4bba-913c-6134b336a96e/Weird-Part-Run-2/mac
    write-file /Users/IA/Library/Developer/Xcode/DerivedData/Wierd_Parts-eofifeukfuklbhcyiaxogvwfccud/Build/Intermediates.noindex/WeirdPartsMacApp.build/Debug/WeirdPartsMacAppTests.build/Objects-normal/arm64/WeirdPartsMacAppTests.SwiftConstValuesFileList

WriteAuxiliaryFile /Users/IA/Library/Developer/Xcode/DerivedData/Wierd_Parts-eofifeukfuklbhcyiaxogvwfccud/Build/Intermediates.noindex/WeirdPartsMacApp.build/Debug/WeirdPartsMacAppTests.build/Objects-normal/arm64/WeirdPartsMacAppTests.LinkFileList (in target 'WeirdPartsMacAppTests' from project 'WeirdPartsMacApp')
    cd /Users/IA/.paperclip/instances/default/workspaces/5ceb923d-4bd9-4bba-913c-6134b336a96e/Weird-Part-Run-2/mac
    write-file /Users/IA/Library/Developer/Xcode/DerivedData/Wierd_Parts-eofifeukfuklbhcyiaxogvwfccud/Build/Intermediates.noindex/WeirdPartsMacApp.build/Debug/WeirdPartsMacAppTests.build/Objects-normal/arm64/WeirdPartsMacAppTests.LinkFileList

WriteAuxiliaryFile /Users/IA/Library/Developer/Xcode/DerivedData/Wierd_Parts-eofifeukfuklbhcyiaxogvwfccud/Build/Intermediates.noindex/WeirdPartsMacApp.build/Debug/WeirdPartsMacAppTests.build/Objects-normal/arm64/WeirdPartsMacAppTests-OutputFileMap.json (in target 'WeirdPartsMacAppTests' from project 'WeirdPartsMacApp')
    cd /Users/IA/.paperclip/instances/default/workspaces/5ceb923d-4bd9-4bba-913c-6134b336a96e/Weird-Part-Run-2/mac
    write-file /Users/IA/Library/Developer/Xcode/DerivedData/Wierd_Parts-eofifeukfuklbhcyiaxogvwfccud/Build/Intermediates.noindex/WeirdPartsMacApp.build/Debug/WeirdPartsMacAppTests.build/Objects-normal/arm64/WeirdPartsMacAppTests-OutputFileMap.json

WriteAuxiliaryFile /Users/IA/Library/Developer/Xcode/DerivedData/Wierd_Parts-eofifeukfuklbhcyiaxogvwfccud/Build/Intermediates.noindex/WeirdPartsMacApp.build/Debug/WeirdPartsMacApp.build/WeirdPartsMacApp.DependencyMetadataFileList (in target 'WeirdPartsMacApp' from project 'WeirdPartsMacApp')
    cd /Users/IA/.paperclip/instances/default/workspaces/5ceb923d-4bd9-4bba-913c-6134b336a96e/Weird-Part-Run-2/mac
    write-file /Users/IA/Library/Developer/Xcode/DerivedData/Wierd_Parts-eofifeukfuklbhcyiaxogvwfccud/Build/Intermediates.noindex/WeirdPartsMacApp.build/Debug/WeirdPartsMacApp.build/WeirdPartsMacApp.DependencyMetadataFileList

WriteAuxiliaryFile /Users/IA/Library/Developer/Xcode/DerivedData/Wierd_Parts-eofifeukfuklbhcyiaxogvwfccud/Build/Intermediates.noindex/WeirdPartsMacApp.build/Debug/WeirdPartsMacApp.build/WeirdPartsMacApp.DependencyStaticMetadataFileList (in target 'WeirdPartsMacApp' from project 'WeirdPartsMacApp')
    cd /Users/IA/.paperclip/instances/default/workspaces/5ceb923d-4bd9-4bba-913c-6134b336a96e/Weird-Part-Run-2/mac
    write-file /Users/IA/Library/Developer/Xcode/DerivedData/Wierd_Parts-eofifeukfuklbhcyiaxogvwfccud/Build/Intermediates.noindex/WeirdPartsMacApp.build/Debug/WeirdPartsMacApp.build/WeirdPartsMacApp.DependencyStaticMetadataFileList

WriteAuxiliaryFile /Users/IA/Library/Developer/Xcode/DerivedData/Wierd_Parts-eofifeukfuklbhcyiaxogvwfccud/Build/Intermediates.noindex/WeirdPartsMacApp.build/Debug/WeirdPartsMacApp.build/WeirdPartsMacApp-all-non-framework-target-headers.hmap (in target 'WeirdPartsMacApp' from project 'WeirdPartsMacApp')
    cd /Users/IA/.paperclip/instances/default/workspaces/5ceb923d-4bd9-4bba-913c-6134b336a96e/Weird-Part-Run-2/mac
    write-file /Users/IA/Library/Developer/Xcode/DerivedData/Wierd_Parts-eofifeukfuklbhcyiaxogvwfccud/Build/Intermediates.noindex/WeirdPartsMacApp.build/Debug/WeirdPartsMacApp.build/WeirdPartsMacApp-all-non-framework-target-headers.hmap

WriteAuxiliaryFile /Users/IA/Library/Developer/Xcode/DerivedData/Wierd_Parts-eofifeukfuklbhcyiaxogvwfccud/Build/Intermediates.noindex/WeirdPartsMacApp.build/Debug/WeirdPartsMacApp.build/WeirdPartsMacApp-DebugDylibPath-normal-arm64.txt (in target 'WeirdPartsMacApp' from project 'WeirdPartsMacApp')
    cd /Users/IA/.paperclip/instances/default/workspaces/5ceb923d-4bd9-4bba-913c-6134b336a96e/Weird-Part-Run-2/mac
    write-file /Users/IA/Library/Developer/Xcode/DerivedData/Wierd_Parts-eofifeukfuklbhcyiaxogvwfccud/Build/Intermediates.noindex/WeirdPartsMacApp.build/Debug/WeirdPartsMacApp.build/WeirdPartsMacApp-DebugDylibPath-normal-arm64.txt

WriteAuxiliaryFile /Users/IA/Library/Developer/Xcode/DerivedData/Wierd_Parts-eofifeukfuklbhcyiaxogvwfccud/Build/Intermediates.noindex/WeirdPartsMacApp.build/Debug/WeirdPartsMacApp.build/WeirdPartsMacApp-DebugDylibInstallName-normal-arm64.txt (in target 'WeirdPartsMacApp' from project 'WeirdPartsMacApp')
    cd /Users/IA/.paperclip/instances/default/workspaces/5ceb923d-4bd9-4bba-913c-6134b336a96e/Weird-Part-Run-2/mac
    write-file /Users/IA/Library/Developer/Xcode/DerivedData/Wierd_Parts-eofifeukfuklbhcyiaxogvwfccud/Build/Intermediates.noindex/WeirdPartsMacApp.build/Debug/WeirdPartsMacApp.build/WeirdPartsMacApp-DebugDylibInstallName-normal-arm64.txt

WriteAuxiliaryFile /Users/IA/Library/Developer/Xcode/DerivedData/Wierd_Parts-eofifeukfuklbhcyiaxogvwfccud/Build/Intermediates.noindex/WeirdPartsMacApp.build/Debug/WeirdPartsMacApp.build/Objects-normal/arm64/WeirdPartsMacApp.SwiftConstValuesFileList (in target 'WeirdPartsMacApp' from project 'WeirdPartsMacApp')
    cd /Users/IA/.paperclip/instances/default/workspaces/5ceb923d-4bd9-4bba-913c-6134b336a96e/Weird-Part-Run-2/mac
    write-file /Users/IA/Library/Developer/Xcode/DerivedData/Wierd_Parts-eofifeukfuklbhcyiaxogvwfccud/Build/Intermediates.noindex/WeirdPartsMacApp.build/Debug/WeirdPartsMacApp.build/Objects-normal/arm64/WeirdPartsMacApp.SwiftConstValuesFileList

WriteAuxiliaryFile /Users/IA/Library/Developer/Xcode/DerivedData/Wierd_Parts-eofifeukfuklbhcyiaxogvwfccud/Build/Intermediates.noindex/WeirdPartsMacApp.build/Debug/WeirdPartsMacApp.build/Objects-normal/arm64/WeirdPartsMacApp.SwiftFileList (in target 'WeirdPartsMacApp' from project 'WeirdPartsMacApp')
    cd /Users/IA/.paperclip/instances/default/workspaces/5ceb923d-4bd9-4bba-913c-6134b336a96e/Weird-Part-Run-2/mac
    write-file /Users/IA/Library/Developer/Xcode/DerivedData/Wierd_Parts-eofifeukfuklbhcyiaxogvwfccud/Build/Intermediates.noindex/WeirdPartsMacApp.build/Debug/WeirdPartsMacApp.build/Objects-normal/arm64/WeirdPartsMacApp.SwiftFileList

WriteAuxiliaryFile /Users/IA/Library/Developer/Xcode/DerivedData/Wierd_Parts-eofifeukfuklbhcyiaxogvwfccud/Build/Intermediates.noindex/WeirdPartsMacApp.build/Debug/WeirdPartsMacApp.build/Objects-normal/arm64/WeirdPartsMacApp_const_extract_protocols.json (in target 'WeirdPartsMacApp' from project 'WeirdPartsMacApp')
    cd /Users/IA/.paperclip/instances/default/workspaces/5ceb923d-4bd9-4bba-913c-6134b336a96e/Weird-Part-Run-2/mac
    write-file /Users/IA/Library/Developer/Xcode/DerivedData/Wierd_Parts-eofifeukfuklbhcyiaxogvwfccud/Build/Intermediates.noindex/WeirdPartsMacApp.build/Debug/WeirdPartsMacApp.build/Objects-normal/arm64/WeirdPartsMacApp_const_extract_protocols.json

WriteAuxiliaryFile /Users/IA/Library/Developer/Xcode/DerivedData/Wierd_Parts-eofifeukfuklbhcyiaxogvwfccud/Build/Intermediates.noindex/WeirdPartsMacApp.build/Debug/WeirdPartsMacApp.build/Objects-normal/arm64/WeirdPartsMacApp.LinkFileList (in target 'WeirdPartsMacApp' from project 'WeirdPartsMacApp')
    cd /Users/IA/.paperclip/instances/default/workspaces/5ceb923d-4bd9-4bba-913c-6134b336a96e/Weird-Part-Run-2/mac
    write-file /Users/IA/Library/Developer/Xcode/DerivedData/Wierd_Parts-eofifeukfuklbhcyiaxogvwfccud/Build/Intermediates.noindex/WeirdPartsMacApp.build/Debug/WeirdPartsMacApp.build/Objects-normal/arm64/WeirdPartsMacApp.LinkFileList

WriteAuxiliaryFile /Users/IA/Library/Developer/Xcode/DerivedData/Wierd_Parts-eofifeukfuklbhcyiaxogvwfccud/Build/Intermediates.noindex/WeirdPartsMacApp.build/Debug/WeirdPartsMacApp.build/Objects-normal/arm64/WeirdPartsMacApp-OutputFileMap.json (in target 'WeirdPartsMacApp' from project 'WeirdPartsMacApp')
    cd /Users/IA/.paperclip/instances/default/workspaces/5ceb923d-4bd9-4bba-913c-6134b336a96e/Weird-Part-Run-2/mac
    write-file /Users/IA/Library/Developer/Xcode/DerivedData/Wierd_Parts-eofifeukfuklbhcyiaxogvwfccud/Build/Intermediates.noindex/WeirdPartsMacApp.build/Debug/WeirdPartsMacApp.build/Objects-normal/arm64/WeirdPartsMacApp-OutputFileMap.json

WriteAuxiliaryFile /Users/IA/Library/Developer/Xcode/DerivedData/Wierd_Parts-eofifeukfuklbhcyiaxogvwfccud/Build/Intermediates.noindex/WeirdPartsMacApp.build/Debug/WeirdPartsMacApp.build/DerivedSources/Entitlements.plist (in target 'WeirdPartsMacApp' from project 'WeirdPartsMacApp')
    cd /Users/IA/.paperclip/instances/default/workspaces/5ceb923d-4bd9-4bba-913c-6134b336a96e/Weird-Part-Run-2/mac
    write-file /Users/IA/Library/Developer/Xcode/DerivedData/Wierd_Parts-eofifeukfuklbhcyiaxogvwfccud/Build/Intermediates.noindex/WeirdPartsMacApp.build/Debug/WeirdPartsMacApp.build/DerivedSources/Entitlements.plist

MkDir /Users/IA/Library/Developer/Xcode/DerivedData/Wierd_Parts-eofifeukfuklbhcyiaxogvwfccud/Build/Products/Debug/WeirdPartsMacApp.app/Contents/PlugIns/WeirdPartsMacAppTests.xctest/Contents (in target 'WeirdPartsMacAppTests' from project 'WeirdPartsMacApp')
    cd /Users/IA/.paperclip/instances/default/workspaces/5ceb923d-4bd9-4bba-913c-6134b336a96e/Weird-Part-Run-2/mac
    /bin/mkdir -p /Users/IA/Library/Developer/Xcode/DerivedData/Wierd_Parts-eofifeukfuklbhcyiaxogvwfccud/Build/Products/Debug/WeirdPartsMacApp.app/Contents/PlugIns/WeirdPartsMacAppTests.xctest/Contents

MkDir /Users/IA/Library/Developer/Xcode/DerivedData/Wierd_Parts-eofifeukfuklbhcyiaxogvwfccud/Build/Products/Debug/WeirdPartsMacApp.app/Contents/PlugIns/WeirdPartsMacAppTests.xctest/Contents/MacOS (in target 'WeirdPartsMacAppTests' from project 'WeirdPartsMacApp')
    cd /Users/IA/.paperclip/instances/default/workspaces/5ceb923d-4bd9-4bba-913c-6134b336a96e/Weird-Part-Run-2/mac
    /bin/mkdir -p /Users/IA/Library/Developer/Xcode/DerivedData/Wierd_Parts-eofifeukfuklbhcyiaxogvwfccud/Build/Products/Debug/WeirdPartsMacApp.app/Contents/PlugIns/WeirdPartsMacAppTests.xctest/Contents/MacOS

MkDir /Users/IA/Library/Developer/Xcode/DerivedData/Wierd_Parts-eofifeukfuklbhcyiaxogvwfccud/Build/Products/Debug/WeirdPartsMacApp.app/Contents/PlugIns/WeirdPartsMacAppTests.xctest (in target 'WeirdPartsMacAppTests' from project 'WeirdPartsMacApp')
    cd /Users/IA/.paperclip/instances/default/workspaces/5ceb923d-4bd9-4bba-913c-6134b336a96e/Weird-Part-Run-2/mac
    /bin/mkdir -p /Users/IA/Library/Developer/Xcode/DerivedData/Wierd_Parts-eofifeukfuklbhcyiaxogvwfccud/Build/Products/Debug/WeirdPartsMacApp.app/Contents/PlugIns/WeirdPartsMacAppTests.xctest

MkDir /Users/IA/Library/Developer/Xcode/DerivedData/Wierd_Parts-eofifeukfuklbhcyiaxogvwfccud/Build/Products/Debug/WeirdPartsMacApp.app/Contents/MacOS (in target 'WeirdPartsMacApp' from project 'WeirdPartsMacApp')
    cd /Users/IA/.paperclip/instances/default/workspaces/5ceb923d-4bd9-4bba-913c-6134b336a96e/Weird-Part-Run-2/mac
    /bin/mkdir -p /Users/IA/Library/Developer/Xcode/DerivedData/Wierd_Parts-eofifeukfuklbhcyiaxogvwfccud/Build/Products/Debug/WeirdPartsMacApp.app/Contents/MacOS

MkDir /Users/IA/Library/Developer/Xcode/DerivedData/Wierd_Parts-eofifeukfuklbhcyiaxogvwfccud/Build/Products/Debug/WeirdPartsMacApp.app/Contents/PlugIns (in target 'WeirdPartsMacApp' from project 'WeirdPartsMacApp')
    cd /Users/IA/.paperclip/instances/default/workspaces/5ceb923d-4bd9-4bba-913c-6134b336a96e/Weird-Part-Run-2/mac
    /bin/mkdir -p /Users/IA/Library/Developer/Xcode/DerivedData/Wierd_Parts-eofifeukfuklbhcyiaxogvwfccud/Build/Products/Debug/WeirdPartsMacApp.app/Contents/PlugIns

MkDir /Users/IA/Library/Developer/Xcode/DerivedData/Wierd_Parts-eofifeukfuklbhcyiaxogvwfccud/Build/Products/Debug/WeirdPartsMacApp.app/Contents/Frameworks (in target 'WeirdPartsMacApp' from project 'WeirdPartsMacApp')
    cd /Users/IA/.paperclip/instances/default/workspaces/5ceb923d-4bd9-4bba-913c-6134b336a96e/Weird-Part-Run-2/mac
    /bin/mkdir -p /Users/IA/Library/Developer/Xcode/DerivedData/Wierd_Parts-eofifeukfuklbhcyiaxogvwfccud/Build/Products/Debug/WeirdPartsMacApp.app/Contents/Frameworks

MkDir /Users/IA/Library/Developer/Xcode/DerivedData/Wierd_Parts-eofifeukfuklbhcyiaxogvwfccud/Build/Products/Debug/WeirdPartsMacApp.app/Contents (in target 'WeirdPartsMacApp' from project 'WeirdPartsMacApp')
    cd /Users/IA/.paperclip/instances/default/workspaces/5ceb923d-4bd9-4bba-913c-6134b336a96e/Weird-Part-Run-2/mac
    /bin/mkdir -p /Users/IA/Library/Developer/Xcode/DerivedData/Wierd_Parts-eofifeukfuklbhcyiaxogvwfccud/Build/Products/Debug/WeirdPartsMacApp.app/Contents

MkDir /Users/IA/Library/Developer/Xcode/DerivedData/Wierd_Parts-eofifeukfuklbhcyiaxogvwfccud/Build/Products/Debug/WeirdPartsMacApp.app (in target 'WeirdPartsMacApp' from project 'WeirdPartsMacApp')
    cd /Users/IA/.paperclip/instances/default/workspaces/5ceb923d-4bd9-4bba-913c-6134b336a96e/Weird-Part-Run-2/mac
    /bin/mkdir -p /Users/IA/Library/Developer/Xcode/DerivedData/Wierd_Parts-eofifeukfuklbhcyiaxogvwfccud/Build/Products/Debug/WeirdPartsMacApp.app

ProcessProductPackaging "" /Users/IA/Library/Developer/Xcode/DerivedData/Wierd_Parts-eofifeukfuklbhcyiaxogvwfccud/Build/Intermediates.noindex/WeirdPartsMacApp.build/Debug/WeirdPartsMacApp.build/WeirdPartsMacApp.app.xcent (in target 'WeirdPartsMacApp' from project 'WeirdPartsMacApp')
    cd /Users/IA/.paperclip/instances/default/workspaces/5ceb923d-4bd9-4bba-913c-6134b336a96e/Weird-Part-Run-2/mac

    Entitlements:

    {
    "com.apple.security.get-task-allow" = 1;
}

    builtin-productPackagingUtility -entitlements -format xml -o /Users/IA/Library/Developer/Xcode/DerivedData/Wierd_Parts-eofifeukfuklbhcyiaxogvwfccud/Build/Intermediates.noindex/WeirdPartsMacApp.build/Debug/WeirdPartsMacApp.build/WeirdPartsMacApp.app.xcent

ProcessProductPackagingDER /Users/IA/Library/Developer/Xcode/DerivedData/Wierd_Parts-eofifeukfuklbhcyiaxogvwfccud/Build/Intermediates.noindex/WeirdPartsMacApp.build/Debug/WeirdPartsMacApp.build/WeirdPartsMacApp.app.xcent /Users/IA/Library/Developer/Xcode/DerivedData/Wierd_Parts-eofifeukfuklbhcyiaxogvwfccud/Build/Intermediates.noindex/WeirdPartsMacApp.build/Debug/WeirdPartsMacApp.build/WeirdPartsMacApp.app.xcent.der (in target 'WeirdPartsMacApp' from project 'WeirdPartsMacApp')
    cd /Users/IA/.paperclip/instances/default/workspaces/5ceb923d-4bd9-4bba-913c-6134b336a96e/Weird-Part-Run-2/mac
    /usr/bin/derq query -f xml -i /Users/IA/Library/Developer/Xcode/DerivedData/Wierd_Parts-eofifeukfuklbhcyiaxogvwfccud/Build/Intermediates.noindex/WeirdPartsMacApp.build/Debug/WeirdPartsMacApp.build/WeirdPartsMacApp.app.xcent -o /Users/IA/Library/Developer/Xcode/DerivedData/Wierd_Parts-eofifeukfuklbhcyiaxogvwfccud/Build/Intermediates.noindex/WeirdPartsMacApp.build/Debug/WeirdPartsMacApp.build/WeirdPartsMacApp.app.xcent.der --raw

ProcessInfoPlistFile /Users/IA/Library/Developer/Xcode/DerivedData/Wierd_Parts-eofifeukfuklbhcyiaxogvwfccud/Build/Products/Debug/WeirdPartsMacApp.app/Contents/Info.plist /Users/IA/Library/Developer/Xcode/DerivedData/Wierd_Parts-eofifeukfuklbhcyiaxogvwfccud/Build/Intermediates.noindex/WeirdPartsMacApp.build/Debug/WeirdPartsMacApp.build/empty-WeirdPartsMacApp.plist (in target 'WeirdPartsMacApp' from project 'WeirdPartsMacApp')
    cd /Users/IA/.paperclip/instances/default/workspaces/5ceb923d-4bd9-4bba-913c-6134b336a96e/Weird-Part-Run-2/mac
    builtin-infoPlistUtility /Users/IA/Library/Developer/Xcode/DerivedData/Wierd_Parts-eofifeukfuklbhcyiaxogvwfccud/Build/Intermediates.noindex/WeirdPartsMacApp.build/Debug/WeirdPartsMacApp.build/empty-WeirdPartsMacApp.plist -producttype com.apple.product-type.application -genpkginfo /Users/IA/Library/Developer/Xcode/DerivedData/Wierd_Parts-eofifeukfuklbhcyiaxogvwfccud/Build/Products/Debug/WeirdPartsMacApp.app/Contents/PkgInfo -expandbuildsettings -platform macosx -o /Users/IA/Library/Developer/Xcode/DerivedData/Wierd_Parts-eofifeukfuklbhcyiaxogvwfccud/Build/Products/Debug/WeirdPartsMacApp.app/Contents/Info.plist

Copy /Users/IA/Library/Developer/Xcode/DerivedData/Wierd_Parts-eofifeukfuklbhcyiaxogvwfccud/Build/Products/Debug/WeirdPartsMacApp.app/Contents/Frameworks/libXCTestSwiftSupport.dylib /Applications/Xcode.app/Contents/Developer/Platforms/MacOSX.platform/Developer/usr/lib/libXCTestSwiftSupport.dylib (in target 'WeirdPartsMacApp' from project 'WeirdPartsMacApp')
    cd /Users/IA/.paperclip/instances/default/workspaces/5ceb923d-4bd9-4bba-913c-6134b336a96e/Weird-Part-Run-2/mac
    builtin-copy -exclude .DS_Store -exclude CVS -exclude .svn -exclude .git -exclude .hg -exclude Headers -exclude PrivateHeaders -exclude Modules -exclude \*.tbd -resolve-src-symlinks /Applications/Xcode.app/Contents/Developer/Platforms/MacOSX.platform/Developer/usr/lib/libXCTestSwiftSupport.dylib /Users/IA/Library/Developer/Xcode/DerivedData/Wierd_Parts-eofifeukfuklbhcyiaxogvwfccud/Build/Products/Debug/WeirdPartsMacApp.app/Contents/Frameworks

Copy /Users/IA/Library/Developer/Xcode/DerivedData/Wierd_Parts-eofifeukfuklbhcyiaxogvwfccud/Build/Products/Debug/WeirdPartsMacApp.app/Contents/Frameworks/libXCTestBundleInject.dylib /Applications/Xcode.app/Contents/Developer/Platforms/MacOSX.platform/Developer/usr/lib/libXCTestBundleInject.dylib (in target 'WeirdPartsMacApp' from project 'WeirdPartsMacApp')
    cd /Users/IA/.paperclip/instances/default/workspaces/5ceb923d-4bd9-4bba-913c-6134b336a96e/Weird-Part-Run-2/mac
    builtin-copy -exclude .DS_Store -exclude CVS -exclude .svn -exclude .git -exclude .hg -exclude Headers -exclude PrivateHeaders -exclude Modules -exclude \*.tbd -resolve-src-symlinks /Applications/Xcode.app/Contents/Developer/Platforms/MacOSX.platform/Developer/usr/lib/libXCTestBundleInject.dylib /Users/IA/Library/Developer/Xcode/DerivedData/Wierd_Parts-eofifeukfuklbhcyiaxogvwfccud/Build/Products/Debug/WeirdPartsMacApp.app/Contents/Frameworks

Copy /Users/IA/Library/Developer/Xcode/DerivedData/Wierd_Parts-eofifeukfuklbhcyiaxogvwfccud/Build/Products/Debug/WeirdPartsMacApp.app/Contents/Frameworks/XCUnit.framework /Applications/Xcode.app/Contents/Developer/Platforms/MacOSX.platform/Developer/Library/PrivateFrameworks/XCUnit.framework (in target 'WeirdPartsMacApp' from project 'WeirdPartsMacApp')
    cd /Users/IA/.paperclip/instances/default/workspaces/5ceb923d-4bd9-4bba-913c-6134b336a96e/Weird-Part-Run-2/mac
    builtin-copy -exclude .DS_Store -exclude CVS -exclude .svn -exclude .git -exclude .hg -exclude Headers -exclude PrivateHeaders -exclude Modules -exclude \*.tbd -resolve-src-symlinks /Applications/Xcode.app/Contents/Developer/Platforms/MacOSX.platform/Developer/Library/PrivateFrameworks/XCUnit.framework /Users/IA/Library/Developer/Xcode/DerivedData/Wierd_Parts-eofifeukfuklbhcyiaxogvwfccud/Build/Products/Debug/WeirdPartsMacApp.app/Contents/Frameworks

Copy /Users/IA/Library/Developer/Xcode/DerivedData/Wierd_Parts-eofifeukfuklbhcyiaxogvwfccud/Build/Products/Debug/WeirdPartsMacApp.app/Contents/Frameworks/XCUIAutomation.framework /Applications/Xcode.app/Contents/Developer/Platforms/MacOSX.platform/Developer/Library/Frameworks/XCUIAutomation.framework (in target 'WeirdPartsMacApp' from project 'WeirdPartsMacApp')
    cd /Users/IA/.paperclip/instances/default/workspaces/5ceb923d-4bd9-4bba-913c-6134b336a96e/Weird-Part-Run-2/mac
    builtin-copy -exclude .DS_Store -exclude CVS -exclude .svn -exclude .git -exclude .hg -exclude Headers -exclude PrivateHeaders -exclude Modules -exclude \*.tbd -resolve-src-symlinks /Applications/Xcode.app/Contents/Developer/Platforms/MacOSX.platform/Developer/Library/Frameworks/XCUIAutomation.framework /Users/IA/Library/Developer/Xcode/DerivedData/Wierd_Parts-eofifeukfuklbhcyiaxogvwfccud/Build/Products/Debug/WeirdPartsMacApp.app/Contents/Frameworks

Ld /Users/IA/Library/Developer/Xcode/DerivedData/Wierd_Parts-eofifeukfuklbhcyiaxogvwfccud/Build/Products/Debug/WeirdPartsMacApp.app/Contents/MacOS/__preview.dylib normal (in target 'WeirdPartsMacApp' from project 'WeirdPartsMacApp')
    cd /Users/IA/.paperclip/instances/default/workspaces/5ceb923d-4bd9-4bba-913c-6134b336a96e/Weird-Part-Run-2/mac
    /Applications/Xcode.app/Contents/Developer/Toolchains/XcodeDefault.xctoolchain/usr/bin/clang -Xlinker -reproducible -target arm64-apple-macos14.0 -dynamiclib -isysroot /Applications/Xcode.app/Contents/Developer/Platforms/MacOSX.platform/Developer/SDKs/MacOSX26.5.sdk -O0 -L/Users/IA/Library/Developer/Xcode/DerivedData/Wierd_Parts-eofifeukfuklbhcyiaxogvwfccud/Build/Products/Debug -F/Users/IA/Library/Developer/Xcode/DerivedData/Wierd_Parts-eofifeukfuklbhcyiaxogvwfccud/Build/Products/Debug -install_name @rpath/WeirdPartsMacApp.debug.dylib -rdynamic -Xlinker -no_deduplicate -Xlinker -debug_variant -Xlinker -dependency_info -Xlinker /Users/IA/Library/Developer/Xcode/DerivedData/Wierd_Parts-eofifeukfuklbhcyiaxogvwfccud/Build/Intermediates.noindex/WeirdPartsMacApp.build/Debug/WeirdPartsMacApp.build/Objects-normal/arm64/WeirdPartsMacApp_dependency_info.dat -Xlinker -no_adhoc_codesign -o /Users/IA/Library/Developer/Xcode/DerivedData/Wierd_Parts-eofifeukfuklbhcyiaxogvwfccud/Build/Products/Debug/WeirdPartsMacApp.app/Contents/MacOS/__preview.dylib

Copy /Users/IA/Library/Developer/Xcode/DerivedData/Wierd_Parts-eofifeukfuklbhcyiaxogvwfccud/Build/Products/Debug/WeirdPartsMacApp.app/Contents/Frameworks/XCTestSupport.framework /Applications/Xcode.app/Contents/Developer/Platforms/MacOSX.platform/Developer/Library/PrivateFrameworks/XCTestSupport.framework (in target 'WeirdPartsMacApp' from project 'WeirdPartsMacApp')
    cd /Users/IA/.paperclip/instances/default/workspaces/5ceb923d-4bd9-4bba-913c-6134b336a96e/Weird-Part-Run-2/mac
    builtin-copy -exclude .DS_Store -exclude CVS -exclude .svn -exclude .git -exclude .hg -exclude Headers -exclude PrivateHeaders -exclude Modules -exclude \*.tbd -resolve-src-symlinks /Applications/Xcode.app/Contents/Developer/Platforms/MacOSX.platform/Developer/Library/PrivateFrameworks/XCTestSupport.framework /Users/IA/Library/Developer/Xcode/DerivedData/Wierd_Parts-eofifeukfuklbhcyiaxogvwfccud/Build/Products/Debug/WeirdPartsMacApp.app/Contents/Frameworks

Copy /Users/IA/Library/Developer/Xcode/DerivedData/Wierd_Parts-eofifeukfuklbhcyiaxogvwfccud/Build/Products/Debug/WeirdPartsMacApp.app/Contents/Frameworks/XCTestCore.framework /Applications/Xcode.app/Contents/Developer/Platforms/MacOSX.platform/Developer/Library/PrivateFrameworks/XCTestCore.framework (in target 'WeirdPartsMacApp' from project 'WeirdPartsMacApp')
    cd /Users/IA/.paperclip/instances/default/workspaces/5ceb923d-4bd9-4bba-913c-6134b336a96e/Weird-Part-Run-2/mac
    builtin-copy -exclude .DS_Store -exclude CVS -exclude .svn -exclude .git -exclude .hg -exclude Headers -exclude PrivateHeaders -exclude Modules -exclude \*.tbd -resolve-src-symlinks /Applications/Xcode.app/Contents/Developer/Platforms/MacOSX.platform/Developer/Library/PrivateFrameworks/XCTestCore.framework /Users/IA/Library/Developer/Xcode/DerivedData/Wierd_Parts-eofifeukfuklbhcyiaxogvwfccud/Build/Products/Debug/WeirdPartsMacApp.app/Contents/Frameworks

Copy /Users/IA/Library/Developer/Xcode/DerivedData/Wierd_Parts-eofifeukfuklbhcyiaxogvwfccud/Build/Products/Debug/WeirdPartsMacApp.app/Contents/Frameworks/XCTest.framework /Applications/Xcode.app/Contents/Developer/Platforms/MacOSX.platform/Developer/Library/Frameworks/XCTest.framework (in target 'WeirdPartsMacApp' from project 'WeirdPartsMacApp')
    cd /Users/IA/.paperclip/instances/default/workspaces/5ceb923d-4bd9-4bba-913c-6134b336a96e/Weird-Part-Run-2/mac
    builtin-copy -exclude .DS_Store -exclude CVS -exclude .svn -exclude .git -exclude .hg -exclude Headers -exclude PrivateHeaders -exclude Modules -exclude \*.tbd -resolve-src-symlinks /Applications/Xcode.app/Contents/Developer/Platforms/MacOSX.platform/Developer/Library/Frameworks/XCTest.framework /Users/IA/Library/Developer/Xcode/DerivedData/Wierd_Parts-eofifeukfuklbhcyiaxogvwfccud/Build/Products/Debug/WeirdPartsMacApp.app/Contents/Frameworks

Copy /Users/IA/Library/Developer/Xcode/DerivedData/Wierd_Parts-eofifeukfuklbhcyiaxogvwfccud/Build/Products/Debug/WeirdPartsMacApp.app/Contents/Frameworks/XCTAutomationSupport.framework /Applications/Xcode.app/Contents/Developer/Platforms/MacOSX.platform/Developer/Library/PrivateFrameworks/XCTAutomationSupport.framework (in target 'WeirdPartsMacApp' from project 'WeirdPartsMacApp')
    cd /Users/IA/.paperclip/instances/default/workspaces/5ceb923d-4bd9-4bba-913c-6134b336a96e/Weird-Part-Run-2/mac
    builtin-copy -exclude .DS_Store -exclude CVS -exclude .svn -exclude .git -exclude .hg -exclude Headers -exclude PrivateHeaders -exclude Modules -exclude \*.tbd -resolve-src-symlinks /Applications/Xcode.app/Contents/Developer/Platforms/MacOSX.platform/Developer/Library/PrivateFrameworks/XCTAutomationSupport.framework /Users/IA/Library/Developer/Xcode/DerivedData/Wierd_Parts-eofifeukfuklbhcyiaxogvwfccud/Build/Products/Debug/WeirdPartsMacApp.app/Contents/Frameworks

Copy /Users/IA/Library/Developer/Xcode/DerivedData/Wierd_Parts-eofifeukfuklbhcyiaxogvwfccud/Build/Products/Debug/WeirdPartsMacApp.app/Contents/Frameworks/Testing.framework /Applications/Xcode.app/Contents/Developer/Platforms/MacOSX.platform/Developer/Library/Frameworks/Testing.framework (in target 'WeirdPartsMacApp' from project 'WeirdPartsMacApp')
    cd /Users/IA/.paperclip/instances/default/workspaces/5ceb923d-4bd9-4bba-913c-6134b336a96e/Weird-Part-Run-2/mac
    builtin-copy -exclude .DS_Store -exclude CVS -exclude .svn -exclude .git -exclude .hg -exclude Headers -exclude PrivateHeaders -exclude Modules -exclude \*.tbd -resolve-src-symlinks /Applications/Xcode.app/Contents/Developer/Platforms/MacOSX.platform/Developer/Library/Frameworks/Testing.framework /Users/IA/Library/Developer/Xcode/DerivedData/Wierd_Parts-eofifeukfuklbhcyiaxogvwfccud/Build/Products/Debug/WeirdPartsMacApp.app/Contents/Frameworks

CodeSign /Users/IA/Library/Developer/Xcode/DerivedData/Wierd_Parts-eofifeukfuklbhcyiaxogvwfccud/Build/Products/Debug/WeirdPartsMacApp.app/Contents/Frameworks/libXCTestBundleInject.dylib (in target 'WeirdPartsMacApp' from project 'WeirdPartsMacApp')
    cd /Users/IA/.paperclip/instances/default/workspaces/5ceb923d-4bd9-4bba-913c-6134b336a96e/Weird-Part-Run-2/mac

    Signing Identity:     "Sign to Run Locally"

    /usr/bin/codesign --force --sign - --timestamp\=none --preserve-metadata\=identifier,entitlements,flags --generate-entitlement-der /Users/IA/Library/Developer/Xcode/DerivedData/Wierd_Parts-eofifeukfuklbhcyiaxogvwfccud/Build/Products/Debug/WeirdPartsMacApp.app/Contents/Frameworks/libXCTestBundleInject.dylib
/Users/IA/Library/Developer/Xcode/DerivedData/Wierd_Parts-eofifeukfuklbhcyiaxogvwfccud/Build/Products/Debug/WeirdPartsMacApp.app/Contents/Frameworks/libXCTestBundleInject.dylib: replacing existing signature

CodeSign /Users/IA/Library/Developer/Xcode/DerivedData/Wierd_Parts-eofifeukfuklbhcyiaxogvwfccud/Build/Products/Debug/WeirdPartsMacApp.app/Contents/Frameworks/libXCTestSwiftSupport.dylib (in target 'WeirdPartsMacApp' from project 'WeirdPartsMacApp')
    cd /Users/IA/.paperclip/instances/default/workspaces/5ceb923d-4bd9-4bba-913c-6134b336a96e/Weird-Part-Run-2/mac

    Signing Identity:     "Sign to Run Locally"

    /usr/bin/codesign --force --sign - --timestamp\=none --preserve-metadata\=identifier,entitlements,flags --generate-entitlement-der /Users/IA/Library/Developer/Xcode/DerivedData/Wierd_Parts-eofifeukfuklbhcyiaxogvwfccud/Build/Products/Debug/WeirdPartsMacApp.app/Contents/Frameworks/libXCTestSwiftSupport.dylib
/Users/IA/Library/Developer/Xcode/DerivedData/Wierd_Parts-eofifeukfuklbhcyiaxogvwfccud/Build/Products/Debug/WeirdPartsMacApp.app/Contents/Frameworks/libXCTestSwiftSupport.dylib: replacing existing signature

CodeSign /Users/IA/Library/Developer/Xcode/DerivedData/Wierd_Parts-eofifeukfuklbhcyiaxogvwfccud/Build/Products/Debug/WeirdPartsMacApp.app/Contents/Frameworks/XCTestSupport.framework (in target 'WeirdPartsMacApp' from project 'WeirdPartsMacApp')
    cd /Users/IA/.paperclip/instances/default/workspaces/5ceb923d-4bd9-4bba-913c-6134b336a96e/Weird-Part-Run-2/mac

    Signing Identity:     "Sign to Run Locally"

    /usr/bin/codesign --force --sign - --timestamp\=none --preserve-metadata\=identifier,entitlements,flags --generate-entitlement-der /Users/IA/Library/Developer/Xcode/DerivedData/Wierd_Parts-eofifeukfuklbhcyiaxogvwfccud/Build/Products/Debug/WeirdPartsMacApp.app/Contents/Frameworks/XCTestSupport.framework
/Users/IA/Library/Developer/Xcode/DerivedData/Wierd_Parts-eofifeukfuklbhcyiaxogvwfccud/Build/Products/Debug/WeirdPartsMacApp.app/Contents/Frameworks/XCTestSupport.framework: replacing existing signature

CodeSign /Users/IA/Library/Developer/Xcode/DerivedData/Wierd_Parts-eofifeukfuklbhcyiaxogvwfccud/Build/Products/Debug/WeirdPartsMacApp.app/Contents/Frameworks/XCUnit.framework (in target 'WeirdPartsMacApp' from project 'WeirdPartsMacApp')
    cd /Users/IA/.paperclip/instances/default/workspaces/5ceb923d-4bd9-4bba-913c-6134b336a96e/Weird-Part-Run-2/mac

    Signing Identity:     "Sign to Run Locally"

    /usr/bin/codesign --force --sign - --timestamp\=none --preserve-metadata\=identifier,entitlements,flags --generate-entitlement-der /Users/IA/Library/Developer/Xcode/DerivedData/Wierd_Parts-eofifeukfuklbhcyiaxogvwfccud/Build/Products/Debug/WeirdPartsMacApp.app/Contents/Frameworks/XCUnit.framework
/Users/IA/Library/Developer/Xcode/DerivedData/Wierd_Parts-eofifeukfuklbhcyiaxogvwfccud/Build/Products/Debug/WeirdPartsMacApp.app/Contents/Frameworks/XCUnit.framework: replacing existing signature

CodeSign /Users/IA/Library/Developer/Xcode/DerivedData/Wierd_Parts-eofifeukfuklbhcyiaxogvwfccud/Build/Products/Debug/WeirdPartsMacApp.app/Contents/Frameworks/XCTest.framework (in target 'WeirdPartsMacApp' from project 'WeirdPartsMacApp')
    cd /Users/IA/.paperclip/instances/default/workspaces/5ceb923d-4bd9-4bba-913c-6134b336a96e/Weird-Part-Run-2/mac

    Signing Identity:     "Sign to Run Locally"

    /usr/bin/codesign --force --sign - --timestamp\=none --preserve-metadata\=identifier,entitlements,flags --generate-entitlement-der /Users/IA/Library/Developer/Xcode/DerivedData/Wierd_Parts-eofifeukfuklbhcyiaxogvwfccud/Build/Products/Debug/WeirdPartsMacApp.app/Contents/Frameworks/XCTest.framework
/Users/IA/Library/Developer/Xcode/DerivedData/Wierd_Parts-eofifeukfuklbhcyiaxogvwfccud/Build/Products/Debug/WeirdPartsMacApp.app/Contents/Frameworks/XCTest.framework: replacing existing signature

CodeSign /Users/IA/Library/Developer/Xcode/DerivedData/Wierd_Parts-eofifeukfuklbhcyiaxogvwfccud/Build/Products/Debug/WeirdPartsMacApp.app/Contents/Frameworks/XCTAutomationSupport.framework (in target 'WeirdPartsMacApp' from project 'WeirdPartsMacApp')
    cd /Users/IA/.paperclip/instances/default/workspaces/5ceb923d-4bd9-4bba-913c-6134b336a96e/Weird-Part-Run-2/mac

    Signing Identity:     "Sign to Run Locally"

    /usr/bin/codesign --force --sign - --timestamp\=none --preserve-metadata\=identifier,entitlements,flags --generate-entitlement-der /Users/IA/Library/Developer/Xcode/DerivedData/Wierd_Parts-eofifeukfuklbhcyiaxogvwfccud/Build/Products/Debug/WeirdPartsMacApp.app/Contents/Frameworks/XCTAutomationSupport.framework
/Users/IA/Library/Developer/Xcode/DerivedData/Wierd_Parts-eofifeukfuklbhcyiaxogvwfccud/Build/Products/Debug/WeirdPartsMacApp.app/Contents/Frameworks/XCTAutomationSupport.framework: replacing existing signature

CodeSign /Users/IA/Library/Developer/Xcode/DerivedData/Wierd_Parts-eofifeukfuklbhcyiaxogvwfccud/Build/Products/Debug/WeirdPartsMacApp.app/Contents/Frameworks/XCTestCore.framework (in target 'WeirdPartsMacApp' from project 'WeirdPartsMacApp')
    cd /Users/IA/.paperclip/instances/default/workspaces/5ceb923d-4bd9-4bba-913c-6134b336a96e/Weird-Part-Run-2/mac

    Signing Identity:     "Sign to Run Locally"

    /usr/bin/codesign --force --sign - --timestamp\=none --preserve-metadata\=identifier,entitlements,flags --generate-entitlement-der /Users/IA/Library/Developer/Xcode/DerivedData/Wierd_Parts-eofifeukfuklbhcyiaxogvwfccud/Build/Products/Debug/WeirdPartsMacApp.app/Contents/Frameworks/XCTestCore.framework
/Users/IA/Library/Developer/Xcode/DerivedData/Wierd_Parts-eofifeukfuklbhcyiaxogvwfccud/Build/Products/Debug/WeirdPartsMacApp.app/Contents/Frameworks/XCTestCore.framework: replacing existing signature

CodeSign /Users/IA/Library/Developer/Xcode/DerivedData/Wierd_Parts-eofifeukfuklbhcyiaxogvwfccud/Build/Products/Debug/WeirdPartsMacApp.app/Contents/Frameworks/XCUIAutomation.framework (in target 'WeirdPartsMacApp' from project 'WeirdPartsMacApp')
    cd /Users/IA/.paperclip/instances/default/workspaces/5ceb923d-4bd9-4bba-913c-6134b336a96e/Weird-Part-Run-2/mac

    Signing Identity:     "Sign to Run Locally"

    /usr/bin/codesign --force --sign - --timestamp\=none --preserve-metadata\=identifier,entitlements,flags --generate-entitlement-der /Users/IA/Library/Developer/Xcode/DerivedData/Wierd_Parts-eofifeukfuklbhcyiaxogvwfccud/Build/Products/Debug/WeirdPartsMacApp.app/Contents/Frameworks/XCUIAutomation.framework
/Users/IA/Library/Developer/Xcode/DerivedData/Wierd_Parts-eofifeukfuklbhcyiaxogvwfccud/Build/Products/Debug/WeirdPartsMacApp.app/Contents/Frameworks/XCUIAutomation.framework: replacing existing signature

CodeSign /Users/IA/Library/Developer/Xcode/DerivedData/Wierd_Parts-eofifeukfuklbhcyiaxogvwfccud/Build/Products/Debug/WeirdPartsMacApp.app/Contents/Frameworks/Testing.framework (in target 'WeirdPartsMacApp' from project 'WeirdPartsMacApp')
    cd /Users/IA/.paperclip/instances/default/workspaces/5ceb923d-4bd9-4bba-913c-6134b336a96e/Weird-Part-Run-2/mac

    Signing Identity:     "Sign to Run Locally"

    /usr/bin/codesign --force --sign - --timestamp\=none --preserve-metadata\=identifier,entitlements,flags --generate-entitlement-der /Users/IA/Library/Developer/Xcode/DerivedData/Wierd_Parts-eofifeukfuklbhcyiaxogvwfccud/Build/Products/Debug/WeirdPartsMacApp.app/Contents/Frameworks/Testing.framework
/Users/IA/Library/Developer/Xcode/DerivedData/Wierd_Parts-eofifeukfuklbhcyiaxogvwfccud/Build/Products/Debug/WeirdPartsMacApp.app/Contents/Frameworks/Testing.framework: replacing existing signature

SwiftDriver WeirdPartsMacApp normal arm64 com.apple.xcode.tools.swift.compiler (in target 'WeirdPartsMacApp' from project 'WeirdPartsMacApp')
    cd /Users/IA/.paperclip/instances/default/workspaces/5ceb923d-4bd9-4bba-913c-6134b336a96e/Weird-Part-Run-2/mac
    builtin-SwiftDriver -- /Applications/Xcode.app/Contents/Developer/Toolchains/XcodeDefault.xctoolchain/usr/bin/swiftc -module-name WeirdPartsMacApp -Onone @/Users/IA/Library/Developer/Xcode/DerivedData/Wierd_Parts-eofifeukfuklbhcyiaxogvwfccud/Build/Intermediates.noindex/WeirdPartsMacApp.build/Debug/WeirdPartsMacApp.build/Objects-normal/arm64/WeirdPartsMacApp.SwiftFileList -DDEBUG -enable-experimental-feature DebugDescriptionMacro -sdk /Applications/Xcode.app/Contents/Developer/Platforms/MacOSX.platform/Developer/SDKs/MacOSX26.5.sdk -target arm64-apple-macos14.0 -g -module-cache-path /Users/IA/Library/Developer/Xcode/DerivedData/ModuleCache.noindex -Xfrontend -serialize-debugging-options -profile-coverage-mapping -profile-generate -enable-testing -index-store-path /Users/IA/Library/Developer/Xcode/DerivedData/Wierd_Parts-eofifeukfuklbhcyiaxogvwfccud/Index.noindex/DataStore -Xcc -D_LIBCPP_HARDENING_MODE\=_LIBCPP_HARDENING_MODE_DEBUG -swift-version 6 -I /Users/IA/Library/Developer/Xcode/DerivedData/Wierd_Parts-eofifeukfuklbhcyiaxogvwfccud/Build/Products/Debug -F /Users/IA/Library/Developer/Xcode/DerivedData/Wierd_Parts-eofifeukfuklbhcyiaxogvwfccud/Build/Products/Debug -c -j12 -enable-batch-mode -incremental -Xcc -ivfsstatcache -Xcc /Users/IA/Library/Developer/Xcode/DerivedData/SDKStatCaches.noindex/macosx26.5-25F70-e082c4a02f00227109f4ed75e425c832.sdkstatcache -output-file-map /Users/IA/Library/Developer/Xcode/DerivedData/Wierd_Parts-eofifeukfuklbhcyiaxogvwfccud/Build/Intermediates.noindex/WeirdPartsMacApp.build/Debug/WeirdPartsMacApp.build/Objects-normal/arm64/WeirdPartsMacApp-OutputFileMap.json -use-frontend-parseable-output -save-temps -no-color-diagnostics -explicit-module-build -module-cache-path /Users/IA/Library/Developer/Xcode/DerivedData/Wierd_Parts-eofifeukfuklbhcyiaxogvwfccud/Build/Intermediates.noindex/SwiftExplicitPrecompiledModules -clang-scanner-module-cache-path /Users/IA/Library/Developer/Xcode/DerivedData/ModuleCache.noindex -sdk-module-cache-path /Users/IA/Library/Developer/Xcode/DerivedData/ModuleCache.noindex -serialize-diagnostics -emit-dependencies -emit-module -emit-module-path /Users/IA/Library/Developer/Xcode/DerivedData/Wierd_Parts-eofifeukfuklbhcyiaxogvwfccud/Build/Intermediates.noindex/WeirdPartsMacApp.build/Debug/WeirdPartsMacApp.build/Objects-normal/arm64/WeirdPartsMacApp.swiftmodule -validate-clang-modules-once -clang-build-session-file /Users/IA/Library/Developer/Xcode/DerivedData/ModuleCache.noindex/Session.modulevalidation -Xcc -I/Users/IA/Library/Developer/Xcode/DerivedData/Wierd_Parts-eofifeukfuklbhcyiaxogvwfccud/Build/Intermediates.noindex/WeirdPartsMacApp.build/Debug/WeirdPartsMacApp.build/swift-overrides.hmap -emit-const-values -Xfrontend -const-gather-protocols-file -Xfrontend /Users/IA/Library/Developer/Xcode/DerivedData/Wierd_Parts-eofifeukfuklbhcyiaxogvwfccud/Build/Intermediates.noindex/WeirdPartsMacApp.build/Debug/WeirdPartsMacApp.build/Objects-normal/arm64/WeirdPartsMacApp_const_extract_protocols.json -Xcc -iquote -Xcc /Users/IA/Library/Developer/Xcode/DerivedData/Wierd_Parts-eofifeukfuklbhcyiaxogvwfccud/Build/Intermediates.noindex/WeirdPartsMacApp.build/Debug/WeirdPartsMacApp.build/WeirdPartsMacApp-generated-files.hmap -Xcc -I/Users/IA/Library/Developer/Xcode/DerivedData/Wierd_Parts-eofifeukfuklbhcyiaxogvwfccud/Build/Intermediates.noindex/WeirdPartsMacApp.build/Debug/WeirdPartsMacApp.build/WeirdPartsMacApp-own-target-headers.hmap -Xcc -I/Users/IA/Library/Developer/Xcode/DerivedData/Wierd_Parts-eofifeukfuklbhcyiaxogvwfccud/Build/Intermediates.noindex/WeirdPartsMacApp.build/Debug/WeirdPartsMacApp.build/WeirdPartsMacApp-all-target-headers.hmap -Xcc -iquote -Xcc /Users/IA/Library/Developer/Xcode/DerivedData/Wierd_Parts-eofifeukfuklbhcyiaxogvwfccud/Build/Intermediates.noindex/WeirdPartsMacApp.build/Debug/WeirdPartsMacApp.build/WeirdPartsMacApp-project-headers.hmap -Xcc -I/Users/IA/Library/Developer/Xcode/DerivedData/Wierd_Parts-eofifeukfuklbhcyiaxogvwfccud/Build/Products/Debug/include -Xcc -I/Users/IA/Library/Developer/Xcode/DerivedData/Wierd_Parts-eofifeukfuklbhcyiaxogvwfccud/Build/Intermediates.noindex/WeirdPartsMacApp.build/Debug/WeirdPartsMacApp.build/DerivedSources-normal/arm64 -Xcc -I/Users/IA/Library/Developer/Xcode/DerivedData/Wierd_Parts-eofifeukfuklbhcyiaxogvwfccud/Build/Intermediates.noindex/WeirdPartsMacApp.build/Debug/WeirdPartsMacApp.build/DerivedSources/arm64 -Xcc -I/Users/IA/Library/Developer/Xcode/DerivedData/Wierd_Parts-eofifeukfuklbhcyiaxogvwfccud/Build/Intermediates.noindex/WeirdPartsMacApp.build/Debug/WeirdPartsMacApp.build/DerivedSources -Xcc -DDEBUG\=1 -emit-objc-header -emit-objc-header-path /Users/IA/Library/Developer/Xcode/DerivedData/Wierd_Parts-eofifeukfuklbhcyiaxogvwfccud/Build/Intermediates.noindex/WeirdPartsMacApp.build/Debug/WeirdPartsMacApp.build/Objects-normal/arm64/WeirdPartsMacApp-Swift.h -working-directory /Users/IA/.paperclip/instances/default/workspaces/5ceb923d-4bd9-4bba-913c-6134b336a96e/Weird-Part-Run-2/mac -experimental-emit-module-separately -disable-cmo

SwiftEmitModule normal arm64 Emitting\ module\ for\ WeirdPartsMacApp (in target 'WeirdPartsMacApp' from project 'WeirdPartsMacApp')

EmitSwiftModule normal arm64 (in target 'WeirdPartsMacApp' from project 'WeirdPartsMacApp')
    cd /Users/IA/.paperclip/instances/default/workspaces/5ceb923d-4bd9-4bba-913c-6134b336a96e/Weird-Part-Run-2/mac


SwiftCompile normal arm64 Compiling\ AppDelegate.swift /Users/IA/.paperclip/instances/default/workspaces/5ceb923d-4bd9-4bba-913c-6134b336a96e/Weird-Part-Run-2/mac/Sources/MacApp/AppDelegate.swift (in target 'WeirdPartsMacApp' from project 'WeirdPartsMacApp')
SwiftCompile normal arm64 /Users/IA/.paperclip/instances/default/workspaces/5ceb923d-4bd9-4bba-913c-6134b336a96e/Weird-Part-Run-2/mac/Sources/MacApp/AppDelegate.swift (in target 'WeirdPartsMacApp' from project 'WeirdPartsMacApp')
    cd /Users/IA/.paperclip/instances/default/workspaces/5ceb923d-4bd9-4bba-913c-6134b336a96e/Weird-Part-Run-2/mac


SwiftCompile normal arm64 Compiling\ BootstrapCoordinator.swift /Users/IA/.paperclip/instances/default/workspaces/5ceb923d-4bd9-4bba-913c-6134b336a96e/Weird-Part-Run-2/mac/Sources/MacApp/BootstrapCoordinator.swift (in target 'WeirdPartsMacApp' from project 'WeirdPartsMacApp')

SwiftCompile normal arm64 /Users/IA/.paperclip/instances/default/workspaces/5ceb923d-4bd9-4bba-913c-6134b336a96e/Weird-Part-Run-2/mac/Sources/MacApp/BootstrapCoordinator.swift (in target 'WeirdPartsMacApp' from project 'WeirdPartsMacApp')
    cd /Users/IA/.paperclip/instances/default/workspaces/5ceb923d-4bd9-4bba-913c-6134b336a96e/Weird-Part-Run-2/mac


SwiftCompile normal arm64 Compiling\ LoadingViewController.swift /Users/IA/.paperclip/instances/default/workspaces/5ceb923d-4bd9-4bba-913c-6134b336a96e/Weird-Part-Run-2/mac/Sources/MacApp/LoadingViewController.swift (in target 'WeirdPartsMacApp' from project 'WeirdPartsMacApp')
SwiftCompile normal arm64 /Users/IA/.paperclip/instances/default/workspaces/5ceb923d-4bd9-4bba-913c-6134b336a96e/Weird-Part-Run-2/mac/Sources/MacApp/LoadingViewController.swift (in target 'WeirdPartsMacApp' from project 'WeirdPartsMacApp')
    cd /Users/IA/.paperclip/instances/default/workspaces/5ceb923d-4bd9-4bba-913c-6134b336a96e/Weird-Part-Run-2/mac


SwiftDriverJobDiscovery normal arm64 Emitting module for WeirdPartsMacApp (in target 'WeirdPartsMacApp' from project 'WeirdPartsMacApp')

SwiftDriver\ Compilation\ Requirements WeirdPartsMacApp normal arm64 com.apple.xcode.tools.swift.compiler (in target 'WeirdPartsMacApp' from project 'WeirdPartsMacApp')
    cd /Users/IA/.paperclip/instances/default/workspaces/5ceb923d-4bd9-4bba-913c-6134b336a96e/Weird-Part-Run-2/mac
    builtin-Swift-Compilation-Requirements -- /Applications/Xcode.app/Contents/Developer/Toolchains/XcodeDefault.xctoolchain/usr/bin/swiftc -module-name WeirdPartsMacApp -Onone @/Users/IA/Library/Developer/Xcode/DerivedData/Wierd_Parts-eofifeukfuklbhcyiaxogvwfccud/Build/Intermediates.noindex/WeirdPartsMacApp.build/Debug/WeirdPartsMacApp.build/Objects-normal/arm64/WeirdPartsMacApp.SwiftFileList -DDEBUG -enable-experimental-feature DebugDescriptionMacro -sdk /Applications/Xcode.app/Contents/Developer/Platforms/MacOSX.platform/Developer/SDKs/MacOSX26.5.sdk -target arm64-apple-macos14.0 -g -module-cache-path /Users/IA/Library/Developer/Xcode/DerivedData/ModuleCache.noindex -Xfrontend -serialize-debugging-options -profile-coverage-mapping -profile-generate -enable-testing -index-store-path /Users/IA/Library/Developer/Xcode/DerivedData/Wierd_Parts-eofifeukfuklbhcyiaxogvwfccud/Index.noindex/DataStore -Xcc -D_LIBCPP_HARDENING_MODE\=_LIBCPP_HARDENING_MODE_DEBUG -swift-version 6 -I /Users/IA/Library/Developer/Xcode/DerivedData/Wierd_Parts-eofifeukfuklbhcyiaxogvwfccud/Build/Products/Debug -F /Users/IA/Library/Developer/Xcode/DerivedData/Wierd_Parts-eofifeukfuklbhcyiaxogvwfccud/Build/Products/Debug -c -j12 -enable-batch-mode -incremental -Xcc -ivfsstatcache -Xcc /Users/IA/Library/Developer/Xcode/DerivedData/SDKStatCaches.noindex/macosx26.5-25F70-e082c4a02f00227109f4ed75e425c832.sdkstatcache -output-file-map /Users/IA/Library/Developer/Xcode/DerivedData/Wierd_Parts-eofifeukfuklbhcyiaxogvwfccud/Build/Intermediates.noindex/WeirdPartsMacApp.build/Debug/WeirdPartsMacApp.build/Objects-normal/arm64/WeirdPartsMacApp-OutputFileMap.json -use-frontend-parseable-output -save-temps -no-color-diagnostics -explicit-module-build -module-cache-path /Users/IA/Library/Developer/Xcode/DerivedData/Wierd_Parts-eofifeukfuklbhcyiaxogvwfccud/Build/Intermediates.noindex/SwiftExplicitPrecompiledModules -clang-scanner-module-cache-path /Users/IA/Library/Developer/Xcode/DerivedData/ModuleCache.noindex -sdk-module-cache-path /Users/IA/Library/Developer/Xcode/DerivedData/ModuleCache.noindex -serialize-diagnostics -emit-dependencies -emit-module -emit-module-path /Users/IA/Library/Developer/Xcode/DerivedData/Wierd_Parts-eofifeukfuklbhcyiaxogvwfccud/Build/Intermediates.noindex/WeirdPartsMacApp.build/Debug/WeirdPartsMacApp.build/Objects-normal/arm64/WeirdPartsMacApp.swiftmodule -validate-clang-modules-once -clang-build-session-file /Users/IA/Library/Developer/Xcode/DerivedData/ModuleCache.noindex/Session.modulevalidation -Xcc -I/Users/IA/Library/Developer/Xcode/DerivedData/Wierd_Parts-eofifeukfuklbhcyiaxogvwfccud/Build/Intermediates.noindex/WeirdPartsMacApp.build/Debug/WeirdPartsMacApp.build/swift-overrides.hmap -emit-const-values -Xfrontend -const-gather-protocols-file -Xfrontend /Users/IA/Library/Developer/Xcode/DerivedData/Wierd_Parts-eofifeukfuklbhcyiaxogvwfccud/Build/Intermediates.noindex/WeirdPartsMacApp.build/Debug/WeirdPartsMacApp.build/Objects-normal/arm64/WeirdPartsMacApp_const_extract_protocols.json -Xcc -iquote -Xcc /Users/IA/Library/Developer/Xcode/DerivedData/Wierd_Parts-eofifeukfuklbhcyiaxogvwfccud/Build/Intermediates.noindex/WeirdPartsMacApp.build/Debug/WeirdPartsMacApp.build/WeirdPartsMacApp-generated-files.hmap -Xcc -I/Users/IA/Library/Developer/Xcode/DerivedData/Wierd_Parts-eofifeukfuklbhcyiaxogvwfccud/Build/Intermediates.noindex/WeirdPartsMacApp.build/Debug/WeirdPartsMacApp.build/WeirdPartsMacApp-own-target-headers.hmap -Xcc -I/Users/IA/Library/Developer/Xcode/DerivedData/Wierd_Parts-eofifeukfuklbhcyiaxogvwfccud/Build/Intermediates.noindex/WeirdPartsMacApp.build/Debug/WeirdPartsMacApp.build/WeirdPartsMacApp-all-target-headers.hmap -Xcc -iquote -Xcc /Users/IA/Library/Developer/Xcode/DerivedData/Wierd_Parts-eofifeukfuklbhcyiaxogvwfccud/Build/Intermediates.noindex/WeirdPartsMacApp.build/Debug/WeirdPartsMacApp.build/WeirdPartsMacApp-project-headers.hmap -Xcc -I/Users/IA/Library/Developer/Xcode/DerivedData/Wierd_Parts-eofifeukfuklbhcyiaxogvwfccud/Build/Products/Debug/include -Xcc -I/Users/IA/Library/Developer/Xcode/DerivedData/Wierd_Parts-eofifeukfuklbhcyiaxogvwfccud/Build/Intermediates.noindex/WeirdPartsMacApp.build/Debug/WeirdPartsMacApp.build/DerivedSources-normal/arm64 -Xcc -I/Users/IA/Library/Developer/Xcode/DerivedData/Wierd_Parts-eofifeukfuklbhcyiaxogvwfccud/Build/Intermediates.noindex/WeirdPartsMacApp.build/Debug/WeirdPartsMacApp.build/DerivedSources/arm64 -Xcc -I/Users/IA/Library/Developer/Xcode/DerivedData/Wierd_Parts-eofifeukfuklbhcyiaxogvwfccud/Build/Intermediates.noindex/WeirdPartsMacApp.build/Debug/WeirdPartsMacApp.build/DerivedSources -Xcc -DDEBUG\=1 -emit-objc-header -emit-objc-header-path /Users/IA/Library/Developer/Xcode/DerivedData/Wierd_Parts-eofifeukfuklbhcyiaxogvwfccud/Build/Intermediates.noindex/WeirdPartsMacApp.build/Debug/WeirdPartsMacApp.build/Objects-normal/arm64/WeirdPartsMacApp-Swift.h -working-directory /Users/IA/.paperclip/instances/default/workspaces/5ceb923d-4bd9-4bba-913c-6134b336a96e/Weird-Part-Run-2/mac -experimental-emit-module-separately -disable-cmo

SwiftMergeGeneratedHeaders /Users/IA/Library/Developer/Xcode/DerivedData/Wierd_Parts-eofifeukfuklbhcyiaxogvwfccud/Build/Intermediates.noindex/WeirdPartsMacApp.build/Debug/WeirdPartsMacApp.build/DerivedSources/WeirdPartsMacApp-Swift.h /Users/IA/Library/Developer/Xcode/DerivedData/Wierd_Parts-eofifeukfuklbhcyiaxogvwfccud/Build/Intermediates.noindex/WeirdPartsMacApp.build/Debug/WeirdPartsMacApp.build/Objects-normal/arm64/WeirdPartsMacApp-Swift.h (in target 'WeirdPartsMacApp' from project 'WeirdPartsMacApp')
    cd /Users/IA/.paperclip/instances/default/workspaces/5ceb923d-4bd9-4bba-913c-6134b336a96e/Weird-Part-Run-2/mac
    builtin-swiftHeaderTool -arch arm64 /Users/IA/Library/Developer/Xcode/DerivedData/Wierd_Parts-eofifeukfuklbhcyiaxogvwfccud/Build/Intermediates.noindex/WeirdPartsMacApp.build/Debug/WeirdPartsMacApp.build/Objects-normal/arm64/WeirdPartsMacApp-Swift.h -o /Users/IA/Library/Developer/Xcode/DerivedData/Wierd_Parts-eofifeukfuklbhcyiaxogvwfccud/Build/Intermediates.noindex/WeirdPartsMacApp.build/Debug/WeirdPartsMacApp.build/DerivedSources/WeirdPartsMacApp-Swift.h

Copy /Users/IA/Library/Developer/Xcode/DerivedData/Wierd_Parts-eofifeukfuklbhcyiaxogvwfccud/Build/Products/Debug/WeirdPartsMacApp.swiftmodule/arm64-apple-macos.swiftmodule /Users/IA/Library/Developer/Xcode/DerivedData/Wierd_Parts-eofifeukfuklbhcyiaxogvwfccud/Build/Intermediates.noindex/WeirdPartsMacApp.build/Debug/WeirdPartsMacApp.build/Objects-normal/arm64/WeirdPartsMacApp.swiftmodule (in target 'WeirdPartsMacApp' from project 'WeirdPartsMacApp')
    cd /Users/IA/.paperclip/instances/default/workspaces/5ceb923d-4bd9-4bba-913c-6134b336a96e/Weird-Part-Run-2/mac
    builtin-copy -exclude .DS_Store -exclude CVS -exclude .svn -exclude .git -exclude .hg -resolve-src-symlinks -rename /Users/IA/Library/Developer/Xcode/DerivedData/Wierd_Parts-eofifeukfuklbhcyiaxogvwfccud/Build/Intermediates.noindex/WeirdPartsMacApp.build/Debug/WeirdPartsMacApp.build/Objects-normal/arm64/WeirdPartsMacApp.swiftmodule /Users/IA/Library/Developer/Xcode/DerivedData/Wierd_Parts-eofifeukfuklbhcyiaxogvwfccud/Build/Products/Debug/WeirdPartsMacApp.swiftmodule/arm64-apple-macos.swiftmodule

Copy /Users/IA/Library/Developer/Xcode/DerivedData/Wierd_Parts-eofifeukfuklbhcyiaxogvwfccud/Build/Products/Debug/WeirdPartsMacApp.swiftmodule/arm64-apple-macos.swiftdoc /Users/IA/Library/Developer/Xcode/DerivedData/Wierd_Parts-eofifeukfuklbhcyiaxogvwfccud/Build/Intermediates.noindex/WeirdPartsMacApp.build/Debug/WeirdPartsMacApp.build/Objects-normal/arm64/WeirdPartsMacApp.swiftdoc (in target 'WeirdPartsMacApp' from project 'WeirdPartsMacApp')
    cd /Users/IA/.paperclip/instances/default/workspaces/5ceb923d-4bd9-4bba-913c-6134b336a96e/Weird-Part-Run-2/mac
    builtin-copy -exclude .DS_Store -exclude CVS -exclude .svn -exclude .git -exclude .hg -resolve-src-symlinks -rename /Users/IA/Library/Developer/Xcode/DerivedData/Wierd_Parts-eofifeukfuklbhcyiaxogvwfccud/Build/Intermediates.noindex/WeirdPartsMacApp.build/Debug/WeirdPartsMacApp.build/Objects-normal/arm64/WeirdPartsMacApp.swiftdoc /Users/IA/Library/Developer/Xcode/DerivedData/Wierd_Parts-eofifeukfuklbhcyiaxogvwfccud/Build/Products/Debug/WeirdPartsMacApp.swiftmodule/arm64-apple-macos.swiftdoc

Copy /Users/IA/Library/Developer/Xcode/DerivedData/Wierd_Parts-eofifeukfuklbhcyiaxogvwfccud/Build/Products/Debug/WeirdPartsMacApp.swiftmodule/Project/arm64-apple-macos.swiftsourceinfo /Users/IA/Library/Developer/Xcode/DerivedData/Wierd_Parts-eofifeukfuklbhcyiaxogvwfccud/Build/Intermediates.noindex/WeirdPartsMacApp.build/Debug/WeirdPartsMacApp.build/Objects-normal/arm64/WeirdPartsMacApp.swiftsourceinfo (in target 'WeirdPartsMacApp' from project 'WeirdPartsMacApp')
    cd /Users/IA/.paperclip/instances/default/workspaces/5ceb923d-4bd9-4bba-913c-6134b336a96e/Weird-Part-Run-2/mac
    builtin-copy -exclude .DS_Store -exclude CVS -exclude .svn -exclude .git -exclude .hg -resolve-src-symlinks -rename /Users/IA/Library/Developer/Xcode/DerivedData/Wierd_Parts-eofifeukfuklbhcyiaxogvwfccud/Build/Intermediates.noindex/WeirdPartsMacApp.build/Debug/WeirdPartsMacApp.build/Objects-normal/arm64/WeirdPartsMacApp.swiftsourceinfo /Users/IA/Library/Developer/Xcode/DerivedData/Wierd_Parts-eofifeukfuklbhcyiaxogvwfccud/Build/Products/Debug/WeirdPartsMacApp.swiftmodule/Project/arm64-apple-macos.swiftsourceinfo

Copy /Users/IA/Library/Developer/Xcode/DerivedData/Wierd_Parts-eofifeukfuklbhcyiaxogvwfccud/Build/Products/Debug/WeirdPartsMacApp.swiftmodule/arm64-apple-macos.abi.json /Users/IA/Library/Developer/Xcode/DerivedData/Wierd_Parts-eofifeukfuklbhcyiaxogvwfccud/Build/Intermediates.noindex/WeirdPartsMacApp.build/Debug/WeirdPartsMacApp.build/Objects-normal/arm64/WeirdPartsMacApp.abi.json (in target 'WeirdPartsMacApp' from project 'WeirdPartsMacApp')
    cd /Users/IA/.paperclip/instances/default/workspaces/5ceb923d-4bd9-4bba-913c-6134b336a96e/Weird-Part-Run-2/mac
    builtin-copy -exclude .DS_Store -exclude CVS -exclude .svn -exclude .git -exclude .hg -resolve-src-symlinks -rename /Users/IA/Library/Developer/Xcode/DerivedData/Wierd_Parts-eofifeukfuklbhcyiaxogvwfccud/Build/Intermediates.noindex/WeirdPartsMacApp.build/Debug/WeirdPartsMacApp.build/Objects-normal/arm64/WeirdPartsMacApp.abi.json /Users/IA/Library/Developer/Xcode/DerivedData/Wierd_Parts-eofifeukfuklbhcyiaxogvwfccud/Build/Products/Debug/WeirdPartsMacApp.swiftmodule/arm64-apple-macos.abi.json

SwiftDriver WeirdPartsMacAppTests normal arm64 com.apple.xcode.tools.swift.compiler (in target 'WeirdPartsMacAppTests' from project 'WeirdPartsMacApp')
    cd /Users/IA/.paperclip/instances/default/workspaces/5ceb923d-4bd9-4bba-913c-6134b336a96e/Weird-Part-Run-2/mac
    builtin-SwiftDriver -- /Applications/Xcode.app/Contents/Developer/Toolchains/XcodeDefault.xctoolchain/usr/bin/swiftc -module-name WeirdPartsMacAppTests -Onone @/Users/IA/Library/Developer/Xcode/DerivedData/Wierd_Parts-eofifeukfuklbhcyiaxogvwfccud/Build/Intermediates.noindex/WeirdPartsMacApp.build/Debug/WeirdPartsMacAppTests.build/Objects-normal/arm64/WeirdPartsMacAppTests.SwiftFileList -DDEBUG -plugin-path /Applications/Xcode.app/Contents/Developer/Toolchains/XcodeDefault.xctoolchain/usr/lib/swift/host/plugins/testing -enable-experimental-feature DebugDescriptionMacro -sdk /Applications/Xcode.app/Contents/Developer/Platforms/MacOSX.platform/Developer/SDKs/MacOSX26.5.sdk -target arm64-apple-macos14.0 -g -module-cache-path /Users/IA/Library/Developer/Xcode/DerivedData/ModuleCache.noindex -Xfrontend -serialize-debugging-options -profile-coverage-mapping -profile-generate -enable-testing -index-store-path /Users/IA/Library/Developer/Xcode/DerivedData/Wierd_Parts-eofifeukfuklbhcyiaxogvwfccud/Index.noindex/DataStore -Xcc -D_LIBCPP_HARDENING_MODE\=_LIBCPP_HARDENING_MODE_DEBUG -swift-version 6 -I /Users/IA/Library/Developer/Xcode/DerivedData/Wierd_Parts-eofifeukfuklbhcyiaxogvwfccud/Build/Products/Debug -Isystem /Applications/Xcode.app/Contents/Developer/Platforms/MacOSX.platform/Developer/usr/lib -F /Users/IA/Library/Developer/Xcode/DerivedData/Wierd_Parts-eofifeukfuklbhcyiaxogvwfccud/Build/Products/Debug -F /Applications/Xcode.app/Contents/Developer/Platforms/MacOSX.platform/Developer/Library/Frameworks -parse-as-library -c -j12 -enable-batch-mode -incremental -Xcc -ivfsstatcache -Xcc /Users/IA/Library/Developer/Xcode/DerivedData/SDKStatCaches.noindex/macosx26.5-25F70-e082c4a02f00227109f4ed75e425c832.sdkstatcache -output-file-map /Users/IA/Library/Developer/Xcode/DerivedData/Wierd_Parts-eofifeukfuklbhcyiaxogvwfccud/Build/Intermediates.noindex/WeirdPartsMacApp.build/Debug/WeirdPartsMacAppTests.build/Objects-normal/arm64/WeirdPartsMacAppTests-OutputFileMap.json -use-frontend-parseable-output -save-temps -no-color-diagnostics -explicit-module-build -module-cache-path /Users/IA/Library/Developer/Xcode/DerivedData/Wierd_Parts-eofifeukfuklbhcyiaxogvwfccud/Build/Intermediates.noindex/SwiftExplicitPrecompiledModules -clang-scanner-module-cache-path /Users/IA/Library/Developer/Xcode/DerivedData/ModuleCache.noindex -sdk-module-cache-path /Users/IA/Library/Developer/Xcode/DerivedData/ModuleCache.noindex -serialize-diagnostics -emit-dependencies -emit-module -emit-module-path /Users/IA/Library/Developer/Xcode/DerivedData/Wierd_Parts-eofifeukfuklbhcyiaxogvwfccud/Build/Intermediates.noindex/WeirdPartsMacApp.build/Debug/WeirdPartsMacAppTests.build/Objects-normal/arm64/WeirdPartsMacAppTests.swiftmodule -validate-clang-modules-once -clang-build-session-file /Users/IA/Library/Developer/Xcode/DerivedData/ModuleCache.noindex/Session.modulevalidation -Xcc -I/Users/IA/Library/Developer/Xcode/DerivedData/Wierd_Parts-eofifeukfuklbhcyiaxogvwfccud/Build/Intermediates.noindex/WeirdPartsMacApp.build/Debug/WeirdPartsMacAppTests.build/swift-overrides.hmap -emit-const-values -Xfrontend -const-gather-protocols-file -Xfrontend /Users/IA/Library/Developer/Xcode/DerivedData/Wierd_Parts-eofifeukfuklbhcyiaxogvwfccud/Build/Intermediates.noindex/WeirdPartsMacApp.build/Debug/WeirdPartsMacAppTests.build/Objects-normal/arm64/WeirdPartsMacAppTests_const_extract_protocols.json -Xcc -iquote -Xcc /Users/IA/Library/Developer/Xcode/DerivedData/Wierd_Parts-eofifeukfuklbhcyiaxogvwfccud/Build/Intermediates.noindex/WeirdPartsMacApp.build/Debug/WeirdPartsMacAppTests.build/WeirdPartsMacAppTests-generated-files.hmap -Xcc -I/Users/IA/Library/Developer/Xcode/DerivedData/Wierd_Parts-eofifeukfuklbhcyiaxogvwfccud/Build/Intermediates.noindex/WeirdPartsMacApp.build/Debug/WeirdPartsMacAppTests.build/WeirdPartsMacAppTests-own-target-headers.hmap -Xcc -I/Users/IA/Library/Developer/Xcode/DerivedData/Wierd_Parts-eofifeukfuklbhcyiaxogvwfccud/Build/Intermediates.noindex/WeirdPartsMacApp.build/Debug/WeirdPartsMacAppTests.build/WeirdPartsMacAppTests-all-target-headers.hmap -Xcc -iquote -Xcc /Users/IA/Library/Developer/Xcode/DerivedData/Wierd_Parts-eofifeukfuklbhcyiaxogvwfccud/Build/Intermediates.noindex/WeirdPartsMacApp.build/Debug/WeirdPartsMacAppTests.build/WeirdPartsMacAppTests-project-headers.hmap -Xcc -I/Users/IA/Library/Developer/Xcode/DerivedData/Wierd_Parts-eofifeukfuklbhcyiaxogvwfccud/Build/Products/Debug/include -Xcc -I/Users/IA/Library/Developer/Xcode/DerivedData/Wierd_Parts-eofifeukfuklbhcyiaxogvwfccud/Build/Intermediates.noindex/WeirdPartsMacApp.build/Debug/WeirdPartsMacAppTests.build/DerivedSources-normal/arm64 -Xcc -I/Users/IA/Library/Developer/Xcode/DerivedData/Wierd_Parts-eofifeukfuklbhcyiaxogvwfccud/Build/Intermediates.noindex/WeirdPartsMacApp.build/Debug/WeirdPartsMacAppTests.build/DerivedSources/arm64 -Xcc -I/Users/IA/Library/Developer/Xcode/DerivedData/Wierd_Parts-eofifeukfuklbhcyiaxogvwfccud/Build/Intermediates.noindex/WeirdPartsMacApp.build/Debug/WeirdPartsMacAppTests.build/DerivedSources -Xcc -DDEBUG\=1 -emit-objc-header -emit-objc-header-path /Users/IA/Library/Developer/Xcode/DerivedData/Wierd_Parts-eofifeukfuklbhcyiaxogvwfccud/Build/Intermediates.noindex/WeirdPartsMacApp.build/Debug/WeirdPartsMacAppTests.build/Objects-normal/arm64/WeirdPartsMacAppTests-Swift.h -working-directory /Users/IA/.paperclip/instances/default/workspaces/5ceb923d-4bd9-4bba-913c-6134b336a96e/Weird-Part-Run-2/mac -experimental-emit-module-separately -disable-cmo

SwiftDriverJobDiscovery normal arm64 Compiling BootstrapCoordinator.swift (in target 'WeirdPartsMacApp' from project 'WeirdPartsMacApp')

SwiftExplicitDependencyGeneratePcm arm64 /Users/IA/Library/Developer/Xcode/DerivedData/Wierd_Parts-eofifeukfuklbhcyiaxogvwfccud/Build/Intermediates.noindex/SwiftExplicitPrecompiledModules/XCUIAutomation-ELLOOO4TZLBZ9KIYNIOTZ821O.pcm

SwiftExplicitDependencyGeneratePcm arm64 /Users/IA/Library/Developer/Xcode/DerivedData/Wierd_Parts-eofifeukfuklbhcyiaxogvwfccud/Build/Intermediates.noindex/SwiftExplicitPrecompiledModules/XCTest-E09HEHMBQ3SZ1E61XJDQNNRDG.pcm

SwiftExplicitDependencyCompileModuleFromInterface arm64 /Users/IA/Library/Developer/Xcode/DerivedData/Wierd_Parts-eofifeukfuklbhcyiaxogvwfccud/Build/Intermediates.noindex/SwiftExplicitPrecompiledModules/XCUIAutomation-21WQI06QGF6DX.swiftmodule

SwiftExplicitDependencyCompileModuleFromInterface arm64 /Users/IA/Library/Developer/Xcode/DerivedData/Wierd_Parts-eofifeukfuklbhcyiaxogvwfccud/Build/Intermediates.noindex/SwiftExplicitPrecompiledModules/XCTest-UAK8MKEGALOZ.swiftmodule

SwiftDriverJobDiscovery normal arm64 Compiling AppDelegate.swift (in target 'WeirdPartsMacApp' from project 'WeirdPartsMacApp')

SwiftEmitModule normal arm64 Emitting\ module\ for\ WeirdPartsMacAppTests (in target 'WeirdPartsMacAppTests' from project 'WeirdPartsMacApp')

SwiftCompile normal arm64 /Users/IA/.paperclip/instances/default/workspaces/5ceb923d-4bd9-4bba-913c-6134b336a96e/Weird-Part-Run-2/mac/Tests/MacAppTests/WeirdPartsMacAppTests.swift (in target 'WeirdPartsMacAppTests' from project 'WeirdPartsMacApp')
    cd /Users/IA/.paperclip/instances/default/workspaces/5ceb923d-4bd9-4bba-913c-6134b336a96e/Weird-Part-Run-2/mac


SwiftCompile normal arm64 Compiling\ WeirdPartsMacAppTests.swift /Users/IA/.paperclip/instances/default/workspaces/5ceb923d-4bd9-4bba-913c-6134b336a96e/Weird-Part-Run-2/mac/Tests/MacAppTests/WeirdPartsMacAppTests.swift (in target 'WeirdPartsMacAppTests' from project 'WeirdPartsMacApp')
SwiftCompile normal arm64 /Users/IA/.paperclip/instances/default/workspaces/5ceb923d-4bd9-4bba-913c-6134b336a96e/Weird-Part-Run-2/mac/Tests/MacAppTests/WeirdPartsMacAppTests.swift (in target 'WeirdPartsMacAppTests' from project 'WeirdPartsMacApp')
    cd /Users/IA/.paperclip/instances/default/workspaces/5ceb923d-4bd9-4bba-913c-6134b336a96e/Weird-Part-Run-2/mac


SwiftDriverJobDiscovery normal arm64 Emitting module for WeirdPartsMacAppTests (in target 'WeirdPartsMacAppTests' from project 'WeirdPartsMacApp')

SwiftDriver\ Compilation\ Requirements WeirdPartsMacAppTests normal arm64 com.apple.xcode.tools.swift.compiler (in target 'WeirdPartsMacAppTests' from project 'WeirdPartsMacApp')
    cd /Users/IA/.paperclip/instances/default/workspaces/5ceb923d-4bd9-4bba-913c-6134b336a96e/Weird-Part-Run-2/mac
    builtin-Swift-Compilation-Requirements -- /Applications/Xcode.app/Contents/Developer/Toolchains/XcodeDefault.xctoolchain/usr/bin/swiftc -module-name WeirdPartsMacAppTests -Onone @/Users/IA/Library/Developer/Xcode/DerivedData/Wierd_Parts-eofifeukfuklbhcyiaxogvwfccud/Build/Intermediates.noindex/WeirdPartsMacApp.build/Debug/WeirdPartsMacAppTests.build/Objects-normal/arm64/WeirdPartsMacAppTests.SwiftFileList -DDEBUG -plugin-path /Applications/Xcode.app/Contents/Developer/Toolchains/XcodeDefault.xctoolchain/usr/lib/swift/host/plugins/testing -enable-experimental-feature DebugDescriptionMacro -sdk /Applications/Xcode.app/Contents/Developer/Platforms/MacOSX.platform/Developer/SDKs/MacOSX26.5.sdk -target arm64-apple-macos14.0 -g -module-cache-path /Users/IA/Library/Developer/Xcode/DerivedData/ModuleCache.noindex -Xfrontend -serialize-debugging-options -profile-coverage-mapping -profile-generate -enable-testing -index-store-path /Users/IA/Library/Developer/Xcode/DerivedData/Wierd_Parts-eofifeukfuklbhcyiaxogvwfccud/Index.noindex/DataStore -Xcc -D_LIBCPP_HARDENING_MODE\=_LIBCPP_HARDENING_MODE_DEBUG -swift-version 6 -I /Users/IA/Library/Developer/Xcode/DerivedData/Wierd_Parts-eofifeukfuklbhcyiaxogvwfccud/Build/Products/Debug -Isystem /Applications/Xcode.app/Contents/Developer/Platforms/MacOSX.platform/Developer/usr/lib -F /Users/IA/Library/Developer/Xcode/DerivedData/Wierd_Parts-eofifeukfuklbhcyiaxogvwfccud/Build/Products/Debug -F /Applications/Xcode.app/Contents/Developer/Platforms/MacOSX.platform/Developer/Library/Frameworks -parse-as-library -c -j12 -enable-batch-mode -incremental -Xcc -ivfsstatcache -Xcc /Users/IA/Library/Developer/Xcode/DerivedData/SDKStatCaches.noindex/macosx26.5-25F70-e082c4a02f00227109f4ed75e425c832.sdkstatcache -output-file-map /Users/IA/Library/Developer/Xcode/DerivedData/Wierd_Parts-eofifeukfuklbhcyiaxogvwfccud/Build/Intermediates.noindex/WeirdPartsMacApp.build/Debug/WeirdPartsMacAppTests.build/Objects-normal/arm64/WeirdPartsMacAppTests-OutputFileMap.json -use-frontend-parseable-output -save-temps -no-color-diagnostics -explicit-module-build -module-cache-path /Users/IA/Library/Developer/Xcode/DerivedData/Wierd_Parts-eofifeukfuklbhcyiaxogvwfccud/Build/Intermediates.noindex/SwiftExplicitPrecompiledModules -clang-scanner-module-cache-path /Users/IA/Library/Developer/Xcode/DerivedData/ModuleCache.noindex -sdk-module-cache-path /Users/IA/Library/Developer/Xcode/DerivedData/ModuleCache.noindex -serialize-diagnostics -emit-dependencies -emit-module -emit-module-path /Users/IA/Library/Developer/Xcode/DerivedData/Wierd_Parts-eofifeukfuklbhcyiaxogvwfccud/Build/Intermediates.noindex/WeirdPartsMacApp.build/Debug/WeirdPartsMacAppTests.build/Objects-normal/arm64/WeirdPartsMacAppTests.swiftmodule -validate-clang-modules-once -clang-build-session-file /Users/IA/Library/Developer/Xcode/DerivedData/ModuleCache.noindex/Session.modulevalidation -Xcc -I/Users/IA/Library/Developer/Xcode/DerivedData/Wierd_Parts-eofifeukfuklbhcyiaxogvwfccud/Build/Intermediates.noindex/WeirdPartsMacApp.build/Debug/WeirdPartsMacAppTests.build/swift-overrides.hmap -emit-const-values -Xfrontend -const-gather-protocols-file -Xfrontend /Users/IA/Library/Developer/Xcode/DerivedData/Wierd_Parts-eofifeukfuklbhcyiaxogvwfccud/Build/Intermediates.noindex/WeirdPartsMacApp.build/Debug/WeirdPartsMacAppTests.build/Objects-normal/arm64/WeirdPartsMacAppTests_const_extract_protocols.json -Xcc -iquote -Xcc /Users/IA/Library/Developer/Xcode/DerivedData/Wierd_Parts-eofifeukfuklbhcyiaxogvwfccud/Build/Intermediates.noindex/WeirdPartsMacApp.build/Debug/WeirdPartsMacAppTests.build/WeirdPartsMacAppTests-generated-files.hmap -Xcc -I/Users/IA/Library/Developer/Xcode/DerivedData/Wierd_Parts-eofifeukfuklbhcyiaxogvwfccud/Build/Intermediates.noindex/WeirdPartsMacApp.build/Debug/WeirdPartsMacAppTests.build/WeirdPartsMacAppTests-own-target-headers.hmap -Xcc -I/Users/IA/Library/Developer/Xcode/DerivedData/Wierd_Parts-eofifeukfuklbhcyiaxogvwfccud/Build/Intermediates.noindex/WeirdPartsMacApp.build/Debug/WeirdPartsMacAppTests.build/WeirdPartsMacAppTests-all-target-headers.hmap -Xcc -iquote -Xcc /Users/IA/Library/Developer/Xcode/DerivedData/Wierd_Parts-eofifeukfuklbhcyiaxogvwfccud/Build/Intermediates.noindex/WeirdPartsMacApp.build/Debug/WeirdPartsMacAppTests.build/WeirdPartsMacAppTests-project-headers.hmap -Xcc -I/Users/IA/Library/Developer/Xcode/DerivedData/Wierd_Parts-eofifeukfuklbhcyiaxogvwfccud/Build/Products/Debug/include -Xcc -I/Users/IA/Library/Developer/Xcode/DerivedData/Wierd_Parts-eofifeukfuklbhcyiaxogvwfccud/Build/Intermediates.noindex/WeirdPartsMacApp.build/Debug/WeirdPartsMacAppTests.build/DerivedSources-normal/arm64 -Xcc -I/Users/IA/Library/Developer/Xcode/DerivedData/Wierd_Parts-eofifeukfuklbhcyiaxogvwfccud/Build/Intermediates.noindex/WeirdPartsMacApp.build/Debug/WeirdPartsMacAppTests.build/DerivedSources/arm64 -Xcc -I/Users/IA/Library/Developer/Xcode/DerivedData/Wierd_Parts-eofifeukfuklbhcyiaxogvwfccud/Build/Intermediates.noindex/WeirdPartsMacApp.build/Debug/WeirdPartsMacAppTests.build/DerivedSources -Xcc -DDEBUG\=1 -emit-objc-header -emit-objc-header-path /Users/IA/Library/Developer/Xcode/DerivedData/Wierd_Parts-eofifeukfuklbhcyiaxogvwfccud/Build/Intermediates.noindex/WeirdPartsMacApp.build/Debug/WeirdPartsMacAppTests.build/Objects-normal/arm64/WeirdPartsMacAppTests-Swift.h -working-directory /Users/IA/.paperclip/instances/default/workspaces/5ceb923d-4bd9-4bba-913c-6134b336a96e/Weird-Part-Run-2/mac -experimental-emit-module-separately -disable-cmo

SwiftMergeGeneratedHeaders /Users/IA/Library/Developer/Xcode/DerivedData/Wierd_Parts-eofifeukfuklbhcyiaxogvwfccud/Build/Intermediates.noindex/WeirdPartsMacApp.build/Debug/WeirdPartsMacAppTests.build/DerivedSources/WeirdPartsMacAppTests-Swift.h /Users/IA/Library/Developer/Xcode/DerivedData/Wierd_Parts-eofifeukfuklbhcyiaxogvwfccud/Build/Intermediates.noindex/WeirdPartsMacApp.build/Debug/WeirdPartsMacAppTests.build/Objects-normal/arm64/WeirdPartsMacAppTests-Swift.h (in target 'WeirdPartsMacAppTests' from project 'WeirdPartsMacApp')
    cd /Users/IA/.paperclip/instances/default/workspaces/5ceb923d-4bd9-4bba-913c-6134b336a96e/Weird-Part-Run-2/mac
    builtin-swiftHeaderTool -arch arm64 /Users/IA/Library/Developer/Xcode/DerivedData/Wierd_Parts-eofifeukfuklbhcyiaxogvwfccud/Build/Intermediates.noindex/WeirdPartsMacApp.build/Debug/WeirdPartsMacAppTests.build/Objects-normal/arm64/WeirdPartsMacAppTests-Swift.h -o /Users/IA/Library/Developer/Xcode/DerivedData/Wierd_Parts-eofifeukfuklbhcyiaxogvwfccud/Build/Intermediates.noindex/WeirdPartsMacApp.build/Debug/WeirdPartsMacAppTests.build/DerivedSources/WeirdPartsMacAppTests-Swift.h

Copy /Users/IA/Library/Developer/Xcode/DerivedData/Wierd_Parts-eofifeukfuklbhcyiaxogvwfccud/Build/Products/Debug/WeirdPartsMacAppTests.swiftmodule/arm64-apple-macos.swiftmodule /Users/IA/Library/Developer/Xcode/DerivedData/Wierd_Parts-eofifeukfuklbhcyiaxogvwfccud/Build/Intermediates.noindex/WeirdPartsMacApp.build/Debug/WeirdPartsMacAppTests.build/Objects-normal/arm64/WeirdPartsMacAppTests.swiftmodule (in target 'WeirdPartsMacAppTests' from project 'WeirdPartsMacApp')
    cd /Users/IA/.paperclip/instances/default/workspaces/5ceb923d-4bd9-4bba-913c-6134b336a96e/Weird-Part-Run-2/mac
    builtin-copy -exclude .DS_Store -exclude CVS -exclude .svn -exclude .git -exclude .hg -resolve-src-symlinks -rename /Users/IA/Library/Developer/Xcode/DerivedData/Wierd_Parts-eofifeukfuklbhcyiaxogvwfccud/Build/Intermediates.noindex/WeirdPartsMacApp.build/Debug/WeirdPartsMacAppTests.build/Objects-normal/arm64/WeirdPartsMacAppTests.swiftmodule /Users/IA/Library/Developer/Xcode/DerivedData/Wierd_Parts-eofifeukfuklbhcyiaxogvwfccud/Build/Products/Debug/WeirdPartsMacAppTests.swiftmodule/arm64-apple-macos.swiftmodule

Copy /Users/IA/Library/Developer/Xcode/DerivedData/Wierd_Parts-eofifeukfuklbhcyiaxogvwfccud/Build/Products/Debug/WeirdPartsMacAppTests.swiftmodule/arm64-apple-macos.swiftdoc /Users/IA/Library/Developer/Xcode/DerivedData/Wierd_Parts-eofifeukfuklbhcyiaxogvwfccud/Build/Intermediates.noindex/WeirdPartsMacApp.build/Debug/WeirdPartsMacAppTests.build/Objects-normal/arm64/WeirdPartsMacAppTests.swiftdoc (in target 'WeirdPartsMacAppTests' from project 'WeirdPartsMacApp')
    cd /Users/IA/.paperclip/instances/default/workspaces/5ceb923d-4bd9-4bba-913c-6134b336a96e/Weird-Part-Run-2/mac
    builtin-copy -exclude .DS_Store -exclude CVS -exclude .svn -exclude .git -exclude .hg -resolve-src-symlinks -rename /Users/IA/Library/Developer/Xcode/DerivedData/Wierd_Parts-eofifeukfuklbhcyiaxogvwfccud/Build/Intermediates.noindex/WeirdPartsMacApp.build/Debug/WeirdPartsMacAppTests.build/Objects-normal/arm64/WeirdPartsMacAppTests.swiftdoc /Users/IA/Library/Developer/Xcode/DerivedData/Wierd_Parts-eofifeukfuklbhcyiaxogvwfccud/Build/Products/Debug/WeirdPartsMacAppTests.swiftmodule/arm64-apple-macos.swiftdoc

Copy /Users/IA/Library/Developer/Xcode/DerivedData/Wierd_Parts-eofifeukfuklbhcyiaxogvwfccud/Build/Products/Debug/WeirdPartsMacAppTests.swiftmodule/arm64-apple-macos.abi.json /Users/IA/Library/Developer/Xcode/DerivedData/Wierd_Parts-eofifeukfuklbhcyiaxogvwfccud/Build/Intermediates.noindex/WeirdPartsMacApp.build/Debug/WeirdPartsMacAppTests.build/Objects-normal/arm64/WeirdPartsMacAppTests.abi.json (in target 'WeirdPartsMacAppTests' from project 'WeirdPartsMacApp')
    cd /Users/IA/.paperclip/instances/default/workspaces/5ceb923d-4bd9-4bba-913c-6134b336a96e/Weird-Part-Run-2/mac
    builtin-copy -exclude .DS_Store -exclude CVS -exclude .svn -exclude .git -exclude .hg -resolve-src-symlinks -rename /Users/IA/Library/Developer/Xcode/DerivedData/Wierd_Parts-eofifeukfuklbhcyiaxogvwfccud/Build/Intermediates.noindex/WeirdPartsMacApp.build/Debug/WeirdPartsMacAppTests.build/Objects-normal/arm64/WeirdPartsMacAppTests.abi.json /Users/IA/Library/Developer/Xcode/DerivedData/Wierd_Parts-eofifeukfuklbhcyiaxogvwfccud/Build/Products/Debug/WeirdPartsMacAppTests.swiftmodule/arm64-apple-macos.abi.json

Copy /Users/IA/Library/Developer/Xcode/DerivedData/Wierd_Parts-eofifeukfuklbhcyiaxogvwfccud/Build/Products/Debug/WeirdPartsMacAppTests.swiftmodule/Project/arm64-apple-macos.swiftsourceinfo /Users/IA/Library/Developer/Xcode/DerivedData/Wierd_Parts-eofifeukfuklbhcyiaxogvwfccud/Build/Intermediates.noindex/WeirdPartsMacApp.build/Debug/WeirdPartsMacAppTests.build/Objects-normal/arm64/WeirdPartsMacAppTests.swiftsourceinfo (in target 'WeirdPartsMacAppTests' from project 'WeirdPartsMacApp')
    cd /Users/IA/.paperclip/instances/default/workspaces/5ceb923d-4bd9-4bba-913c-6134b336a96e/Weird-Part-Run-2/mac
    builtin-copy -exclude .DS_Store -exclude CVS -exclude .svn -exclude .git -exclude .hg -resolve-src-symlinks -rename /Users/IA/Library/Developer/Xcode/DerivedData/Wierd_Parts-eofifeukfuklbhcyiaxogvwfccud/Build/Intermediates.noindex/WeirdPartsMacApp.build/Debug/WeirdPartsMacAppTests.build/Objects-normal/arm64/WeirdPartsMacAppTests.swiftsourceinfo /Users/IA/Library/Developer/Xcode/DerivedData/Wierd_Parts-eofifeukfuklbhcyiaxogvwfccud/Build/Products/Debug/WeirdPartsMacAppTests.swiftmodule/Project/arm64-apple-macos.swiftsourceinfo

SwiftDriverJobDiscovery normal arm64 Compiling LoadingViewController.swift (in target 'WeirdPartsMacApp' from project 'WeirdPartsMacApp')

SwiftDriver\ Compilation WeirdPartsMacApp normal arm64 com.apple.xcode.tools.swift.compiler (in target 'WeirdPartsMacApp' from project 'WeirdPartsMacApp')
    cd /Users/IA/.paperclip/instances/default/workspaces/5ceb923d-4bd9-4bba-913c-6134b336a96e/Weird-Part-Run-2/mac
    builtin-Swift-Compilation -- /Applications/Xcode.app/Contents/Developer/Toolchains/XcodeDefault.xctoolchain/usr/bin/swiftc -module-name WeirdPartsMacApp -Onone @/Users/IA/Library/Developer/Xcode/DerivedData/Wierd_Parts-eofifeukfuklbhcyiaxogvwfccud/Build/Intermediates.noindex/WeirdPartsMacApp.build/Debug/WeirdPartsMacApp.build/Objects-normal/arm64/WeirdPartsMacApp.SwiftFileList -DDEBUG -enable-experimental-feature DebugDescriptionMacro -sdk /Applications/Xcode.app/Contents/Developer/Platforms/MacOSX.platform/Developer/SDKs/MacOSX26.5.sdk -target arm64-apple-macos14.0 -g -module-cache-path /Users/IA/Library/Developer/Xcode/DerivedData/ModuleCache.noindex -Xfrontend -serialize-debugging-options -profile-coverage-mapping -profile-generate -enable-testing -index-store-path /Users/IA/Library/Developer/Xcode/DerivedData/Wierd_Parts-eofifeukfuklbhcyiaxogvwfccud/Index.noindex/DataStore -Xcc -D_LIBCPP_HARDENING_MODE\=_LIBCPP_HARDENING_MODE_DEBUG -swift-version 6 -I /Users/IA/Library/Developer/Xcode/DerivedData/Wierd_Parts-eofifeukfuklbhcyiaxogvwfccud/Build/Products/Debug -F /Users/IA/Library/Developer/Xcode/DerivedData/Wierd_Parts-eofifeukfuklbhcyiaxogvwfccud/Build/Products/Debug -c -j12 -enable-batch-mode -incremental -Xcc -ivfsstatcache -Xcc /Users/IA/Library/Developer/Xcode/DerivedData/SDKStatCaches.noindex/macosx26.5-25F70-e082c4a02f00227109f4ed75e425c832.sdkstatcache -output-file-map /Users/IA/Library/Developer/Xcode/DerivedData/Wierd_Parts-eofifeukfuklbhcyiaxogvwfccud/Build/Intermediates.noindex/WeirdPartsMacApp.build/Debug/WeirdPartsMacApp.build/Objects-normal/arm64/WeirdPartsMacApp-OutputFileMap.json -use-frontend-parseable-output -save-temps -no-color-diagnostics -explicit-module-build -module-cache-path /Users/IA/Library/Developer/Xcode/DerivedData/Wierd_Parts-eofifeukfuklbhcyiaxogvwfccud/Build/Intermediates.noindex/SwiftExplicitPrecompiledModules -clang-scanner-module-cache-path /Users/IA/Library/Developer/Xcode/DerivedData/ModuleCache.noindex -sdk-module-cache-path /Users/IA/Library/Developer/Xcode/DerivedData/ModuleCache.noindex -serialize-diagnostics -emit-dependencies -emit-module -emit-module-path /Users/IA/Library/Developer/Xcode/DerivedData/Wierd_Parts-eofifeukfuklbhcyiaxogvwfccud/Build/Intermediates.noindex/WeirdPartsMacApp.build/Debug/WeirdPartsMacApp.build/Objects-normal/arm64/WeirdPartsMacApp.swiftmodule -validate-clang-modules-once -clang-build-session-file /Users/IA/Library/Developer/Xcode/DerivedData/ModuleCache.noindex/Session.modulevalidation -Xcc -I/Users/IA/Library/Developer/Xcode/DerivedData/Wierd_Parts-eofifeukfuklbhcyiaxogvwfccud/Build/Intermediates.noindex/WeirdPartsMacApp.build/Debug/WeirdPartsMacApp.build/swift-overrides.hmap -emit-const-values -Xfrontend -const-gather-protocols-file -Xfrontend /Users/IA/Library/Developer/Xcode/DerivedData/Wierd_Parts-eofifeukfuklbhcyiaxogvwfccud/Build/Intermediates.noindex/WeirdPartsMacApp.build/Debug/WeirdPartsMacApp.build/Objects-normal/arm64/WeirdPartsMacApp_const_extract_protocols.json -Xcc -iquote -Xcc /Users/IA/Library/Developer/Xcode/DerivedData/Wierd_Parts-eofifeukfuklbhcyiaxogvwfccud/Build/Intermediates.noindex/WeirdPartsMacApp.build/Debug/WeirdPartsMacApp.build/WeirdPartsMacApp-generated-files.hmap -Xcc -I/Users/IA/Library/Developer/Xcode/DerivedData/Wierd_Parts-eofifeukfuklbhcyiaxogvwfccud/Build/Intermediates.noindex/WeirdPartsMacApp.build/Debug/WeirdPartsMacApp.build/WeirdPartsMacApp-own-target-headers.hmap -Xcc -I/Users/IA/Library/Developer/Xcode/DerivedData/Wierd_Parts-eofifeukfuklbhcyiaxogvwfccud/Build/Intermediates.noindex/WeirdPartsMacApp.build/Debug/WeirdPartsMacApp.build/WeirdPartsMacApp-all-target-headers.hmap -Xcc -iquote -Xcc /Users/IA/Library/Developer/Xcode/DerivedData/Wierd_Parts-eofifeukfuklbhcyiaxogvwfccud/Build/Intermediates.noindex/WeirdPartsMacApp.build/Debug/WeirdPartsMacApp.build/WeirdPartsMacApp-project-headers.hmap -Xcc -I/Users/IA/Library/Developer/Xcode/DerivedData/Wierd_Parts-eofifeukfuklbhcyiaxogvwfccud/Build/Products/Debug/include -Xcc -I/Users/IA/Library/Developer/Xcode/DerivedData/Wierd_Parts-eofifeukfuklbhcyiaxogvwfccud/Build/Intermediates.noindex/WeirdPartsMacApp.build/Debug/WeirdPartsMacApp.build/DerivedSources-normal/arm64 -Xcc -I/Users/IA/Library/Developer/Xcode/DerivedData/Wierd_Parts-eofifeukfuklbhcyiaxogvwfccud/Build/Intermediates.noindex/WeirdPartsMacApp.build/Debug/WeirdPartsMacApp.build/DerivedSources/arm64 -Xcc -I/Users/IA/Library/Developer/Xcode/DerivedData/Wierd_Parts-eofifeukfuklbhcyiaxogvwfccud/Build/Intermediates.noindex/WeirdPartsMacApp.build/Debug/WeirdPartsMacApp.build/DerivedSources -Xcc -DDEBUG\=1 -emit-objc-header -emit-objc-header-path /Users/IA/Library/Developer/Xcode/DerivedData/Wierd_Parts-eofifeukfuklbhcyiaxogvwfccud/Build/Intermediates.noindex/WeirdPartsMacApp.build/Debug/WeirdPartsMacApp.build/Objects-normal/arm64/WeirdPartsMacApp-Swift.h -working-directory /Users/IA/.paperclip/instances/default/workspaces/5ceb923d-4bd9-4bba-913c-6134b336a96e/Weird-Part-Run-2/mac -experimental-emit-module-separately -disable-cmo

Ld /Users/IA/Library/Developer/Xcode/DerivedData/Wierd_Parts-eofifeukfuklbhcyiaxogvwfccud/Build/Products/Debug/WeirdPartsMacApp.app/Contents/MacOS/WeirdPartsMacApp.debug.dylib normal (in target 'WeirdPartsMacApp' from project 'WeirdPartsMacApp')
    cd /Users/IA/.paperclip/instances/default/workspaces/5ceb923d-4bd9-4bba-913c-6134b336a96e/Weird-Part-Run-2/mac
    /Applications/Xcode.app/Contents/Developer/Toolchains/XcodeDefault.xctoolchain/usr/bin/clang -Xlinker -reproducible -target arm64-apple-macos14.0 -dynamiclib -isysroot /Applications/Xcode.app/Contents/Developer/Platforms/MacOSX.platform/Developer/SDKs/MacOSX26.5.sdk -O0 -L/Users/IA/Library/Developer/Xcode/DerivedData/Wierd_Parts-eofifeukfuklbhcyiaxogvwfccud/Build/Intermediates.noindex/EagerLinkingTBDs/Debug -L/Users/IA/Library/Developer/Xcode/DerivedData/Wierd_Parts-eofifeukfuklbhcyiaxogvwfccud/Build/Products/Debug -F/Users/IA/Library/Developer/Xcode/DerivedData/Wierd_Parts-eofifeukfuklbhcyiaxogvwfccud/Build/Intermediates.noindex/EagerLinkingTBDs/Debug -F/Users/IA/Library/Developer/Xcode/DerivedData/Wierd_Parts-eofifeukfuklbhcyiaxogvwfccud/Build/Products/Debug -filelist /Users/IA/Library/Developer/Xcode/DerivedData/Wierd_Parts-eofifeukfuklbhcyiaxogvwfccud/Build/Intermediates.noindex/WeirdPartsMacApp.build/Debug/WeirdPartsMacApp.build/Objects-normal/arm64/WeirdPartsMacApp.LinkFileList -install_name @rpath/WeirdPartsMacApp.debug.dylib -Xlinker -rpath -Xlinker /usr/lib/swift -Xlinker -rpath -Xlinker @executable_path/../Frameworks -Xlinker -object_path_lto -Xlinker /Users/IA/Library/Developer/Xcode/DerivedData/Wierd_Parts-eofifeukfuklbhcyiaxogvwfccud/Build/Intermediates.noindex/WeirdPartsMacApp.build/Debug/WeirdPartsMacApp.build/Objects-normal/arm64/WeirdPartsMacApp_lto.o -rdynamic -Xlinker -no_deduplicate -Xlinker -debug_variant -Xlinker -dependency_info -Xlinker /Users/IA/Library/Developer/Xcode/DerivedData/Wierd_Parts-eofifeukfuklbhcyiaxogvwfccud/Build/Intermediates.noindex/WeirdPartsMacApp.build/Debug/WeirdPartsMacApp.build/Objects-normal/arm64/WeirdPartsMacApp_dependency_info.dat -fobjc-link-runtime -fprofile-instr-generate -L/Applications/Xcode.app/Contents/Developer/Toolchains/XcodeDefault.xctoolchain/usr/lib/swift/macosx -L/usr/lib/swift -Xlinker -add_ast_path -Xlinker /Users/IA/Library/Developer/Xcode/DerivedData/Wierd_Parts-eofifeukfuklbhcyiaxogvwfccud/Build/Intermediates.noindex/WeirdPartsMacApp.build/Debug/WeirdPartsMacApp.build/Objects-normal/arm64/WeirdPartsMacApp.swiftmodule @/Users/IA/Library/Developer/Xcode/DerivedData/Wierd_Parts-eofifeukfuklbhcyiaxogvwfccud/Build/Intermediates.noindex/WeirdPartsMacApp.build/Debug/WeirdPartsMacApp.build/Objects-normal/arm64/WeirdPartsMacApp-linker-args.resp -Xlinker -alias -Xlinker _main -Xlinker ___debug_main_executable_dylib_entry_point -Xlinker -no_adhoc_codesign -o /Users/IA/Library/Developer/Xcode/DerivedData/Wierd_Parts-eofifeukfuklbhcyiaxogvwfccud/Build/Products/Debug/WeirdPartsMacApp.app/Contents/MacOS/WeirdPartsMacApp.debug.dylib

SwiftDriverJobDiscovery normal arm64 Compiling WeirdPartsMacAppTests.swift (in target 'WeirdPartsMacAppTests' from project 'WeirdPartsMacApp')

SwiftDriver\ Compilation WeirdPartsMacAppTests normal arm64 com.apple.xcode.tools.swift.compiler (in target 'WeirdPartsMacAppTests' from project 'WeirdPartsMacApp')
    cd /Users/IA/.paperclip/instances/default/workspaces/5ceb923d-4bd9-4bba-913c-6134b336a96e/Weird-Part-Run-2/mac
    builtin-Swift-Compilation -- /Applications/Xcode.app/Contents/Developer/Toolchains/XcodeDefault.xctoolchain/usr/bin/swiftc -module-name WeirdPartsMacAppTests -Onone @/Users/IA/Library/Developer/Xcode/DerivedData/Wierd_Parts-eofifeukfuklbhcyiaxogvwfccud/Build/Intermediates.noindex/WeirdPartsMacApp.build/Debug/WeirdPartsMacAppTests.build/Objects-normal/arm64/WeirdPartsMacAppTests.SwiftFileList -DDEBUG -plugin-path /Applications/Xcode.app/Contents/Developer/Toolchains/XcodeDefault.xctoolchain/usr/lib/swift/host/plugins/testing -enable-experimental-feature DebugDescriptionMacro -sdk /Applications/Xcode.app/Contents/Developer/Platforms/MacOSX.platform/Developer/SDKs/MacOSX26.5.sdk -target arm64-apple-macos14.0 -g -module-cache-path /Users/IA/Library/Developer/Xcode/DerivedData/ModuleCache.noindex -Xfrontend -serialize-debugging-options -profile-coverage-mapping -profile-generate -enable-testing -index-store-path /Users/IA/Library/Developer/Xcode/DerivedData/Wierd_Parts-eofifeukfuklbhcyiaxogvwfccud/Index.noindex/DataStore -Xcc -D_LIBCPP_HARDENING_MODE\=_LIBCPP_HARDENING_MODE_DEBUG -swift-version 6 -I /Users/IA/Library/Developer/Xcode/DerivedData/Wierd_Parts-eofifeukfuklbhcyiaxogvwfccud/Build/Products/Debug -Isystem /Applications/Xcode.app/Contents/Developer/Platforms/MacOSX.platform/Developer/usr/lib -F /Users/IA/Library/Developer/Xcode/DerivedData/Wierd_Parts-eofifeukfuklbhcyiaxogvwfccud/Build/Products/Debug -F /Applications/Xcode.app/Contents/Developer/Platforms/MacOSX.platform/Developer/Library/Frameworks -parse-as-library -c -j12 -enable-batch-mode -incremental -Xcc -ivfsstatcache -Xcc /Users/IA/Library/Developer/Xcode/DerivedData/SDKStatCaches.noindex/macosx26.5-25F70-e082c4a02f00227109f4ed75e425c832.sdkstatcache -output-file-map /Users/IA/Library/Developer/Xcode/DerivedData/Wierd_Parts-eofifeukfuklbhcyiaxogvwfccud/Build/Intermediates.noindex/WeirdPartsMacApp.build/Debug/WeirdPartsMacAppTests.build/Objects-normal/arm64/WeirdPartsMacAppTests-OutputFileMap.json -use-frontend-parseable-output -save-temps -no-color-diagnostics -explicit-module-build -module-cache-path /Users/IA/Library/Developer/Xcode/DerivedData/Wierd_Parts-eofifeukfuklbhcyiaxogvwfccud/Build/Intermediates.noindex/SwiftExplicitPrecompiledModules -clang-scanner-module-cache-path /Users/IA/Library/Developer/Xcode/DerivedData/ModuleCache.noindex -sdk-module-cache-path /Users/IA/Library/Developer/Xcode/DerivedData/ModuleCache.noindex -serialize-diagnostics -emit-dependencies -emit-module -emit-module-path /Users/IA/Library/Developer/Xcode/DerivedData/Wierd_Parts-eofifeukfuklbhcyiaxogvwfccud/Build/Intermediates.noindex/WeirdPartsMacApp.build/Debug/WeirdPartsMacAppTests.build/Objects-normal/arm64/WeirdPartsMacAppTests.swiftmodule -validate-clang-modules-once -clang-build-session-file /Users/IA/Library/Developer/Xcode/DerivedData/ModuleCache.noindex/Session.modulevalidation -Xcc -I/Users/IA/Library/Developer/Xcode/DerivedData/Wierd_Parts-eofifeukfuklbhcyiaxogvwfccud/Build/Intermediates.noindex/WeirdPartsMacApp.build/Debug/WeirdPartsMacAppTests.build/swift-overrides.hmap -emit-const-values -Xfrontend -const-gather-protocols-file -Xfrontend /Users/IA/Library/Developer/Xcode/DerivedData/Wierd_Parts-eofifeukfuklbhcyiaxogvwfccud/Build/Intermediates.noindex/WeirdPartsMacApp.build/Debug/WeirdPartsMacAppTests.build/Objects-normal/arm64/WeirdPartsMacAppTests_const_extract_protocols.json -Xcc -iquote -Xcc /Users/IA/Library/Developer/Xcode/DerivedData/Wierd_Parts-eofifeukfuklbhcyiaxogvwfccud/Build/Intermediates.noindex/WeirdPartsMacApp.build/Debug/WeirdPartsMacAppTests.build/WeirdPartsMacAppTests-generated-files.hmap -Xcc -I/Users/IA/Library/Developer/Xcode/DerivedData/Wierd_Parts-eofifeukfuklbhcyiaxogvwfccud/Build/Intermediates.noindex/WeirdPartsMacApp.build/Debug/WeirdPartsMacAppTests.build/WeirdPartsMacAppTests-own-target-headers.hmap -Xcc -I/Users/IA/Library/Developer/Xcode/DerivedData/Wierd_Parts-eofifeukfuklbhcyiaxogvwfccud/Build/Intermediates.noindex/WeirdPartsMacApp.build/Debug/WeirdPartsMacAppTests.build/WeirdPartsMacAppTests-all-target-headers.hmap -Xcc -iquote -Xcc /Users/IA/Library/Developer/Xcode/DerivedData/Wierd_Parts-eofifeukfuklbhcyiaxogvwfccud/Build/Intermediates.noindex/WeirdPartsMacApp.build/Debug/WeirdPartsMacAppTests.build/WeirdPartsMacAppTests-project-headers.hmap -Xcc -I/Users/IA/Library/Developer/Xcode/DerivedData/Wierd_Parts-eofifeukfuklbhcyiaxogvwfccud/Build/Products/Debug/include -Xcc -I/Users/IA/Library/Developer/Xcode/DerivedData/Wierd_Parts-eofifeukfuklbhcyiaxogvwfccud/Build/Intermediates.noindex/WeirdPartsMacApp.build/Debug/WeirdPartsMacAppTests.build/DerivedSources-normal/arm64 -Xcc -I/Users/IA/Library/Developer/Xcode/DerivedData/Wierd_Parts-eofifeukfuklbhcyiaxogvwfccud/Build/Intermediates.noindex/WeirdPartsMacApp.build/Debug/WeirdPartsMacAppTests.build/DerivedSources/arm64 -Xcc -I/Users/IA/Library/Developer/Xcode/DerivedData/Wierd_Parts-eofifeukfuklbhcyiaxogvwfccud/Build/Intermediates.noindex/WeirdPartsMacApp.build/Debug/WeirdPartsMacAppTests.build/DerivedSources -Xcc -DDEBUG\=1 -emit-objc-header -emit-objc-header-path /Users/IA/Library/Developer/Xcode/DerivedData/Wierd_Parts-eofifeukfuklbhcyiaxogvwfccud/Build/Intermediates.noindex/WeirdPartsMacApp.build/Debug/WeirdPartsMacAppTests.build/Objects-normal/arm64/WeirdPartsMacAppTests-Swift.h -working-directory /Users/IA/.paperclip/instances/default/workspaces/5ceb923d-4bd9-4bba-913c-6134b336a96e/Weird-Part-Run-2/mac -experimental-emit-module-separately -disable-cmo

ConstructStubExecutorLinkFileList /Users/IA/Library/Developer/Xcode/DerivedData/Wierd_Parts-eofifeukfuklbhcyiaxogvwfccud/Build/Intermediates.noindex/WeirdPartsMacApp.build/Debug/WeirdPartsMacApp.build/WeirdPartsMacApp-ExecutorLinkFileList-normal-arm64.txt (in target 'WeirdPartsMacApp' from project 'WeirdPartsMacApp')
    cd /Users/IA/.paperclip/instances/default/workspaces/5ceb923d-4bd9-4bba-913c-6134b336a96e/Weird-Part-Run-2/mac
    construct-stub-executor-link-file-list /Users/IA/Library/Developer/Xcode/DerivedData/Wierd_Parts-eofifeukfuklbhcyiaxogvwfccud/Build/Products/Debug/WeirdPartsMacApp.app/Contents/MacOS/WeirdPartsMacApp.debug.dylib /Applications/Xcode.app/Contents/Developer/Platforms/MacOSX.platform/Developer/usr/lib/libPreviewsJITStubExecutor_no_swift_entry_point.a /Applications/Xcode.app/Contents/Developer/Platforms/MacOSX.platform/Developer/usr/lib/libPreviewsJITStubExecutor.a --output /Users/IA/Library/Developer/Xcode/DerivedData/Wierd_Parts-eofifeukfuklbhcyiaxogvwfccud/Build/Intermediates.noindex/WeirdPartsMacApp.build/Debug/WeirdPartsMacApp.build/WeirdPartsMacApp-ExecutorLinkFileList-normal-arm64.txt
note: Using stub executor library with Swift entry point. (in target 'WeirdPartsMacApp' from project 'WeirdPartsMacApp')

Ld /Users/IA/Library/Developer/Xcode/DerivedData/Wierd_Parts-eofifeukfuklbhcyiaxogvwfccud/Build/Products/Debug/WeirdPartsMacApp.app/Contents/MacOS/WeirdPartsMacApp normal (in target 'WeirdPartsMacApp' from project 'WeirdPartsMacApp')
    cd /Users/IA/.paperclip/instances/default/workspaces/5ceb923d-4bd9-4bba-913c-6134b336a96e/Weird-Part-Run-2/mac
    /Applications/Xcode.app/Contents/Developer/Toolchains/XcodeDefault.xctoolchain/usr/bin/clang -Xlinker -reproducible -target arm64-apple-macos14.0 -isysroot /Applications/Xcode.app/Contents/Developer/Platforms/MacOSX.platform/Developer/SDKs/MacOSX26.5.sdk -O0 -L/Users/IA/Library/Developer/Xcode/DerivedData/Wierd_Parts-eofifeukfuklbhcyiaxogvwfccud/Build/Products/Debug -F/Users/IA/Library/Developer/Xcode/DerivedData/Wierd_Parts-eofifeukfuklbhcyiaxogvwfccud/Build/Products/Debug -Xlinker -rpath -Xlinker @executable_path -Xlinker -rpath -Xlinker @executable_path/../Frameworks -rdynamic -Xlinker -no_deduplicate -Xlinker -debug_variant -e ___debug_blank_executor_main -Xlinker -sectcreate -Xlinker __TEXT -Xlinker __debug_dylib -Xlinker /Users/IA/Library/Developer/Xcode/DerivedData/Wierd_Parts-eofifeukfuklbhcyiaxogvwfccud/Build/Intermediates.noindex/WeirdPartsMacApp.build/Debug/WeirdPartsMacApp.build/WeirdPartsMacApp-DebugDylibPath-normal-arm64.txt -Xlinker -sectcreate -Xlinker __TEXT -Xlinker __debug_instlnm -Xlinker /Users/IA/Library/Developer/Xcode/DerivedData/Wierd_Parts-eofifeukfuklbhcyiaxogvwfccud/Build/Intermediates.noindex/WeirdPartsMacApp.build/Debug/WeirdPartsMacApp.build/WeirdPartsMacApp-DebugDylibInstallName-normal-arm64.txt -Xlinker -filelist -Xlinker /Users/IA/Library/Developer/Xcode/DerivedData/Wierd_Parts-eofifeukfuklbhcyiaxogvwfccud/Build/Intermediates.noindex/WeirdPartsMacApp.build/Debug/WeirdPartsMacApp.build/WeirdPartsMacApp-ExecutorLinkFileList-normal-arm64.txt /Users/IA/Library/Developer/Xcode/DerivedData/Wierd_Parts-eofifeukfuklbhcyiaxogvwfccud/Build/Products/Debug/WeirdPartsMacApp.app/Contents/MacOS/WeirdPartsMacApp.debug.dylib -Xlinker -no_adhoc_codesign -o /Users/IA/Library/Developer/Xcode/DerivedData/Wierd_Parts-eofifeukfuklbhcyiaxogvwfccud/Build/Products/Debug/WeirdPartsMacApp.app/Contents/MacOS/WeirdPartsMacApp

ExtractAppIntentsMetadata (in target 'WeirdPartsMacApp' from project 'WeirdPartsMacApp')
    cd /Users/IA/.paperclip/instances/default/workspaces/5ceb923d-4bd9-4bba-913c-6134b336a96e/Weird-Part-Run-2/mac
    /Applications/Xcode.app/Contents/Developer/Toolchains/XcodeDefault.xctoolchain/usr/bin/appintentsmetadataprocessor --toolchain-dir /Applications/Xcode.app/Contents/Developer/Toolchains/XcodeDefault.xctoolchain --module-name WeirdPartsMacApp --sdk-root /Applications/Xcode.app/Contents/Developer/Platforms/MacOSX.platform/Developer/SDKs/MacOSX26.5.sdk --xcode-version 17F42 --platform-family macOS --deployment-target 14.0 --bundle-identifier ing.paperclip.weirdparts.macapp --output /Users/IA/Library/Developer/Xcode/DerivedData/Wierd_Parts-eofifeukfuklbhcyiaxogvwfccud/Build/Products/Debug/WeirdPartsMacApp.app/Contents/Resources --target-triple arm64-apple-macos14.0 --binary-file /Users/IA/Library/Developer/Xcode/DerivedData/Wierd_Parts-eofifeukfuklbhcyiaxogvwfccud/Build/Products/Debug/WeirdPartsMacApp.app/Contents/MacOS/WeirdPartsMacApp --dependency-file /Users/IA/Library/Developer/Xcode/DerivedData/Wierd_Parts-eofifeukfuklbhcyiaxogvwfccud/Build/Intermediates.noindex/WeirdPartsMacApp.build/Debug/WeirdPartsMacApp.build/Objects-normal/arm64/WeirdPartsMacApp_dependency_info.dat --stringsdata-file /Users/IA/Library/Developer/Xcode/DerivedData/Wierd_Parts-eofifeukfuklbhcyiaxogvwfccud/Build/Intermediates.noindex/WeirdPartsMacApp.build/Debug/WeirdPartsMacApp.build/Objects-normal/arm64/ExtractedAppShortcutsMetadata.stringsdata --source-file-list /Users/IA/Library/Developer/Xcode/DerivedData/Wierd_Parts-eofifeukfuklbhcyiaxogvwfccud/Build/Intermediates.noindex/WeirdPartsMacApp.build/Debug/WeirdPartsMacApp.build/Objects-normal/arm64/WeirdPartsMacApp.SwiftFileList --metadata-file-list /Users/IA/Library/Developer/Xcode/DerivedData/Wierd_Parts-eofifeukfuklbhcyiaxogvwfccud/Build/Intermediates.noindex/WeirdPartsMacApp.build/Debug/WeirdPartsMacApp.build/WeirdPartsMacApp.DependencyMetadataFileList --static-metadata-file-list /Users/IA/Library/Developer/Xcode/DerivedData/Wierd_Parts-eofifeukfuklbhcyiaxogvwfccud/Build/Intermediates.noindex/WeirdPartsMacApp.build/Debug/WeirdPartsMacApp.build/WeirdPartsMacApp.DependencyStaticMetadataFileList --swift-const-vals-list /Users/IA/Library/Developer/Xcode/DerivedData/Wierd_Parts-eofifeukfuklbhcyiaxogvwfccud/Build/Intermediates.noindex/WeirdPartsMacApp.build/Debug/WeirdPartsMacApp.build/Objects-normal/arm64/WeirdPartsMacApp.SwiftConstValuesFileList --compile-time-extraction --deployment-aware-processing --validate-assistant-intents --no-app-shortcuts-localization
2026-05-12 20:07:20.447 appintentsmetadataprocessor[96718:40149457] Starting appintentsmetadataprocessor export
2026-05-12 20:07:20.453 appintentsmetadataprocessor[96718:40149457] warning: Metadata extraction skipped. No AppIntents.framework dependency found.

CopySwiftLibs /Users/IA/Library/Developer/Xcode/DerivedData/Wierd_Parts-eofifeukfuklbhcyiaxogvwfccud/Build/Products/Debug/WeirdPartsMacApp.app (in target 'WeirdPartsMacApp' from project 'WeirdPartsMacApp')
    cd /Users/IA/.paperclip/instances/default/workspaces/5ceb923d-4bd9-4bba-913c-6134b336a96e/Weird-Part-Run-2/mac
    builtin-swiftStdLibTool --copy --verbose --sign - --scan-executable /Users/IA/Library/Developer/Xcode/DerivedData/Wierd_Parts-eofifeukfuklbhcyiaxogvwfccud/Build/Products/Debug/WeirdPartsMacApp.app/Contents/MacOS/WeirdPartsMacApp.debug.dylib --scan-folder /Users/IA/Library/Developer/Xcode/DerivedData/Wierd_Parts-eofifeukfuklbhcyiaxogvwfccud/Build/Products/Debug/WeirdPartsMacApp.app/Contents/Frameworks --scan-folder /Users/IA/Library/Developer/Xcode/DerivedData/Wierd_Parts-eofifeukfuklbhcyiaxogvwfccud/Build/Products/Debug/WeirdPartsMacApp.app/Contents/PlugIns --scan-folder /Users/IA/Library/Developer/Xcode/DerivedData/Wierd_Parts-eofifeukfuklbhcyiaxogvwfccud/Build/Products/Debug/WeirdPartsMacApp.app/Contents/Library/SystemExtensions --scan-folder /Users/IA/Library/Developer/Xcode/DerivedData/Wierd_Parts-eofifeukfuklbhcyiaxogvwfccud/Build/Products/Debug/WeirdPartsMacApp.app/Contents/Extensions --platform macosx --toolchain /Applications/Xcode.app/Contents/Developer/Toolchains/XcodeDefault.xctoolchain --destination /Users/IA/Library/Developer/Xcode/DerivedData/Wierd_Parts-eofifeukfuklbhcyiaxogvwfccud/Build/Products/Debug/WeirdPartsMacApp.app/Contents/Frameworks --strip-bitcode --strip-bitcode-tool /Applications/Xcode.app/Contents/Developer/Toolchains/XcodeDefault.xctoolchain/usr/bin/bitcode_strip --emit-dependency-info /Users/IA/Library/Developer/Xcode/DerivedData/Wierd_Parts-eofifeukfuklbhcyiaxogvwfccud/Build/Intermediates.noindex/WeirdPartsMacApp.build/Debug/WeirdPartsMacApp.build/SwiftStdLibToolInputDependencies.dep --filter-for-swift-os --back-deploy-swift-span

ProcessInfoPlistFile /Users/IA/Library/Developer/Xcode/DerivedData/Wierd_Parts-eofifeukfuklbhcyiaxogvwfccud/Build/Products/Debug/WeirdPartsMacApp.app/Contents/PlugIns/WeirdPartsMacAppTests.xctest/Contents/Info.plist /Users/IA/Library/Developer/Xcode/DerivedData/Wierd_Parts-eofifeukfuklbhcyiaxogvwfccud/Build/Intermediates.noindex/WeirdPartsMacApp.build/Debug/WeirdPartsMacAppTests.build/empty-WeirdPartsMacAppTests.plist (in target 'WeirdPartsMacAppTests' from project 'WeirdPartsMacApp')
    cd /Users/IA/.paperclip/instances/default/workspaces/5ceb923d-4bd9-4bba-913c-6134b336a96e/Weird-Part-Run-2/mac
    builtin-infoPlistUtility /Users/IA/Library/Developer/Xcode/DerivedData/Wierd_Parts-eofifeukfuklbhcyiaxogvwfccud/Build/Intermediates.noindex/WeirdPartsMacApp.build/Debug/WeirdPartsMacAppTests.build/empty-WeirdPartsMacAppTests.plist -producttype com.apple.product-type.bundle.unit-test -expandbuildsettings -platform macosx -o /Users/IA/Library/Developer/Xcode/DerivedData/Wierd_Parts-eofifeukfuklbhcyiaxogvwfccud/Build/Products/Debug/WeirdPartsMacApp.app/Contents/PlugIns/WeirdPartsMacAppTests.xctest/Contents/Info.plist

Ld /Users/IA/Library/Developer/Xcode/DerivedData/Wierd_Parts-eofifeukfuklbhcyiaxogvwfccud/Build/Products/Debug/WeirdPartsMacApp.app/Contents/PlugIns/WeirdPartsMacAppTests.xctest/Contents/MacOS/WeirdPartsMacAppTests normal (in target 'WeirdPartsMacAppTests' from project 'WeirdPartsMacApp')
    cd /Users/IA/.paperclip/instances/default/workspaces/5ceb923d-4bd9-4bba-913c-6134b336a96e/Weird-Part-Run-2/mac
    /Applications/Xcode.app/Contents/Developer/Toolchains/XcodeDefault.xctoolchain/usr/bin/clang -Xlinker -reproducible -target arm64-apple-macos14.0 -bundle -isysroot /Applications/Xcode.app/Contents/Developer/Platforms/MacOSX.platform/Developer/SDKs/MacOSX26.5.sdk -O0 -L/Users/IA/Library/Developer/Xcode/DerivedData/Wierd_Parts-eofifeukfuklbhcyiaxogvwfccud/Build/Intermediates.noindex/EagerLinkingTBDs/Debug -L/Users/IA/Library/Developer/Xcode/DerivedData/Wierd_Parts-eofifeukfuklbhcyiaxogvwfccud/Build/Products/Debug -L/Applications/Xcode.app/Contents/Developer/Platforms/MacOSX.platform/Developer/usr/lib -F/Users/IA/Library/Developer/Xcode/DerivedData/Wierd_Parts-eofifeukfuklbhcyiaxogvwfccud/Build/Intermediates.noindex/EagerLinkingTBDs/Debug -F/Users/IA/Library/Developer/Xcode/DerivedData/Wierd_Parts-eofifeukfuklbhcyiaxogvwfccud/Build/Products/Debug -iframework /Applications/Xcode.app/Contents/Developer/Platforms/MacOSX.platform/Developer/Library/Frameworks -filelist /Users/IA/Library/Developer/Xcode/DerivedData/Wierd_Parts-eofifeukfuklbhcyiaxogvwfccud/Build/Intermediates.noindex/WeirdPartsMacApp.build/Debug/WeirdPartsMacAppTests.build/Objects-normal/arm64/WeirdPartsMacAppTests.LinkFileList -Xlinker -rpath -Xlinker /usr/lib/swift -Xlinker -rpath -Xlinker @loader_path/../Frameworks -Xlinker -rpath -Xlinker @executable_path/../Frameworks -bundle_loader /Users/IA/Library/Developer/Xcode/DerivedData/Wierd_Parts-eofifeukfuklbhcyiaxogvwfccud/Build/Products/Debug/WeirdPartsMacApp.app/Contents/MacOS/WeirdPartsMacApp -Xlinker -object_path_lto -Xlinker /Users/IA/Library/Developer/Xcode/DerivedData/Wierd_Parts-eofifeukfuklbhcyiaxogvwfccud/Build/Intermediates.noindex/WeirdPartsMacApp.build/Debug/WeirdPartsMacAppTests.build/Objects-normal/arm64/WeirdPartsMacAppTests_lto.o -rdynamic -Xlinker -no_deduplicate -Xlinker -debug_variant -Xlinker -dependency_info -Xlinker /Users/IA/Library/Developer/Xcode/DerivedData/Wierd_Parts-eofifeukfuklbhcyiaxogvwfccud/Build/Intermediates.noindex/WeirdPartsMacApp.build/Debug/WeirdPartsMacAppTests.build/Objects-normal/arm64/WeirdPartsMacAppTests_dependency_info.dat -fobjc-link-runtime -fprofile-instr-generate -L/Applications/Xcode.app/Contents/Developer/Toolchains/XcodeDefault.xctoolchain/usr/lib/swift/macosx -L/usr/lib/swift -Xlinker -add_ast_path -Xlinker /Users/IA/Library/Developer/Xcode/DerivedData/Wierd_Parts-eofifeukfuklbhcyiaxogvwfccud/Build/Intermediates.noindex/WeirdPartsMacApp.build/Debug/WeirdPartsMacAppTests.build/Objects-normal/arm64/WeirdPartsMacAppTests.swiftmodule @/Users/IA/Library/Developer/Xcode/DerivedData/Wierd_Parts-eofifeukfuklbhcyiaxogvwfccud/Build/Intermediates.noindex/WeirdPartsMacApp.build/Debug/WeirdPartsMacAppTests.build/Objects-normal/arm64/WeirdPartsMacAppTests-linker-args.resp -Xlinker -needed_framework -Xlinker XCTest -framework XCTest -Xlinker -needed-lXCTestSwiftSupport -lXCTestSwiftSupport /Users/IA/Library/Developer/Xcode/DerivedData/Wierd_Parts-eofifeukfuklbhcyiaxogvwfccud/Build/Products/Debug/WeirdPartsMacApp.app/Contents/MacOS/WeirdPartsMacApp.debug.dylib -Xlinker -no_adhoc_codesign -o /Users/IA/Library/Developer/Xcode/DerivedData/Wierd_Parts-eofifeukfuklbhcyiaxogvwfccud/Build/Products/Debug/WeirdPartsMacApp.app/Contents/PlugIns/WeirdPartsMacAppTests.xctest/Contents/MacOS/WeirdPartsMacAppTests

ExtractAppIntentsMetadata (in target 'WeirdPartsMacAppTests' from project 'WeirdPartsMacApp')
    cd /Users/IA/.paperclip/instances/default/workspaces/5ceb923d-4bd9-4bba-913c-6134b336a96e/Weird-Part-Run-2/mac
    /Applications/Xcode.app/Contents/Developer/Toolchains/XcodeDefault.xctoolchain/usr/bin/appintentsmetadataprocessor --toolchain-dir /Applications/Xcode.app/Contents/Developer/Toolchains/XcodeDefault.xctoolchain --module-name WeirdPartsMacAppTests --sdk-root /Applications/Xcode.app/Contents/Developer/Platforms/MacOSX.platform/Developer/SDKs/MacOSX26.5.sdk --xcode-version 17F42 --platform-family macOS --deployment-target 14.0 --bundle-identifier ing.paperclip.weirdparts.macapp.tests --output /Users/IA/Library/Developer/Xcode/DerivedData/Wierd_Parts-eofifeukfuklbhcyiaxogvwfccud/Build/Products/Debug/WeirdPartsMacApp.app/Contents/PlugIns/WeirdPartsMacAppTests.xctest/Contents/Resources --target-triple arm64-apple-macos14.0 --binary-file /Users/IA/Library/Developer/Xcode/DerivedData/Wierd_Parts-eofifeukfuklbhcyiaxogvwfccud/Build/Products/Debug/WeirdPartsMacApp.app/Contents/PlugIns/WeirdPartsMacAppTests.xctest/Contents/MacOS/WeirdPartsMacAppTests --dependency-file /Users/IA/Library/Developer/Xcode/DerivedData/Wierd_Parts-eofifeukfuklbhcyiaxogvwfccud/Build/Intermediates.noindex/WeirdPartsMacApp.build/Debug/WeirdPartsMacAppTests.build/Objects-normal/arm64/WeirdPartsMacAppTests_dependency_info.dat --stringsdata-file /Users/IA/Library/Developer/Xcode/DerivedData/Wierd_Parts-eofifeukfuklbhcyiaxogvwfccud/Build/Intermediates.noindex/WeirdPartsMacApp.build/Debug/WeirdPartsMacAppTests.build/Objects-normal/arm64/ExtractedAppShortcutsMetadata.stringsdata --source-file-list /Users/IA/Library/Developer/Xcode/DerivedData/Wierd_Parts-eofifeukfuklbhcyiaxogvwfccud/Build/Intermediates.noindex/WeirdPartsMacApp.build/Debug/WeirdPartsMacAppTests.build/Objects-normal/arm64/WeirdPartsMacAppTests.SwiftFileList --metadata-file-list /Users/IA/Library/Developer/Xcode/DerivedData/Wierd_Parts-eofifeukfuklbhcyiaxogvwfccud/Build/Intermediates.noindex/WeirdPartsMacApp.build/Debug/WeirdPartsMacAppTests.build/WeirdPartsMacAppTests.DependencyMetadataFileList --static-metadata-file-list /Users/IA/Library/Developer/Xcode/DerivedData/Wierd_Parts-eofifeukfuklbhcyiaxogvwfccud/Build/Intermediates.noindex/WeirdPartsMacApp.build/Debug/WeirdPartsMacAppTests.build/WeirdPartsMacAppTests.DependencyStaticMetadataFileList --swift-const-vals-list /Users/IA/Library/Developer/Xcode/DerivedData/Wierd_Parts-eofifeukfuklbhcyiaxogvwfccud/Build/Intermediates.noindex/WeirdPartsMacApp.build/Debug/WeirdPartsMacAppTests.build/Objects-normal/arm64/WeirdPartsMacAppTests.SwiftConstValuesFileList --compile-time-extraction --deployment-aware-processing --validate-assistant-intents --no-app-shortcuts-localization
2026-05-12 20:07:20.951 appintentsmetadataprocessor[96740:40149610] Starting appintentsmetadataprocessor export
2026-05-12 20:07:20.958 appintentsmetadataprocessor[96740:40149610] warning: Metadata extraction skipped. No AppIntents.framework dependency found.

CopySwiftLibs /Users/IA/Library/Developer/Xcode/DerivedData/Wierd_Parts-eofifeukfuklbhcyiaxogvwfccud/Build/Products/Debug/WeirdPartsMacApp.app/Contents/PlugIns/WeirdPartsMacAppTests.xctest (in target 'WeirdPartsMacAppTests' from project 'WeirdPartsMacApp')
    cd /Users/IA/.paperclip/instances/default/workspaces/5ceb923d-4bd9-4bba-913c-6134b336a96e/Weird-Part-Run-2/mac
    builtin-swiftStdLibTool --copy --verbose --sign - --scan-executable /Users/IA/Library/Developer/Xcode/DerivedData/Wierd_Parts-eofifeukfuklbhcyiaxogvwfccud/Build/Products/Debug/WeirdPartsMacApp.app/Contents/PlugIns/WeirdPartsMacAppTests.xctest/Contents/MacOS/WeirdPartsMacAppTests --scan-folder /Users/IA/Library/Developer/Xcode/DerivedData/Wierd_Parts-eofifeukfuklbhcyiaxogvwfccud/Build/Products/Debug/WeirdPartsMacApp.app/Contents/PlugIns/WeirdPartsMacAppTests.xctest/Contents/Frameworks --scan-folder /Users/IA/Library/Developer/Xcode/DerivedData/Wierd_Parts-eofifeukfuklbhcyiaxogvwfccud/Build/Products/Debug/WeirdPartsMacApp.app/Contents/PlugIns/WeirdPartsMacAppTests.xctest/Contents/PlugIns --scan-folder /Users/IA/Library/Developer/Xcode/DerivedData/Wierd_Parts-eofifeukfuklbhcyiaxogvwfccud/Build/Products/Debug/WeirdPartsMacApp.app/Contents/PlugIns/WeirdPartsMacAppTests.xctest/Contents/Library/SystemExtensions --scan-folder /Users/IA/Library/Developer/Xcode/DerivedData/Wierd_Parts-eofifeukfuklbhcyiaxogvwfccud/Build/Products/Debug/WeirdPartsMacApp.app/Contents/PlugIns/WeirdPartsMacAppTests.xctest/Contents/Extensions --platform macosx --toolchain /Applications/Xcode.app/Contents/Developer/Toolchains/XcodeDefault.xctoolchain --destination /Users/IA/Library/Developer/Xcode/DerivedData/Wierd_Parts-eofifeukfuklbhcyiaxogvwfccud/Build/Products/Debug/WeirdPartsMacApp.app/Contents/PlugIns/WeirdPartsMacAppTests.xctest/Contents/Frameworks --strip-bitcode --scan-executable /Applications/Xcode.app/Contents/Developer/Platforms/MacOSX.platform/Developer/usr/lib/libXCTestSwiftSupport.dylib --strip-bitcode-tool /Applications/Xcode.app/Contents/Developer/Toolchains/XcodeDefault.xctoolchain/usr/bin/bitcode_strip --emit-dependency-info /Users/IA/Library/Developer/Xcode/DerivedData/Wierd_Parts-eofifeukfuklbhcyiaxogvwfccud/Build/Intermediates.noindex/WeirdPartsMacApp.build/Debug/WeirdPartsMacAppTests.build/SwiftStdLibToolInputDependencies.dep --filter-for-swift-os --back-deploy-swift-span

CodeSign /Users/IA/Library/Developer/Xcode/DerivedData/Wierd_Parts-eofifeukfuklbhcyiaxogvwfccud/Build/Products/Debug/WeirdPartsMacApp.app/Contents/PlugIns/WeirdPartsMacAppTests.xctest (in target 'WeirdPartsMacAppTests' from project 'WeirdPartsMacApp')
    cd /Users/IA/.paperclip/instances/default/workspaces/5ceb923d-4bd9-4bba-913c-6134b336a96e/Weird-Part-Run-2/mac

    Signing Identity:     "Sign to Run Locally"

    /usr/bin/codesign --force --sign - --timestamp\=none --generate-entitlement-der /Users/IA/Library/Developer/Xcode/DerivedData/Wierd_Parts-eofifeukfuklbhcyiaxogvwfccud/Build/Products/Debug/WeirdPartsMacApp.app/Contents/PlugIns/WeirdPartsMacAppTests.xctest

RegisterExecutionPolicyException /Users/IA/Library/Developer/Xcode/DerivedData/Wierd_Parts-eofifeukfuklbhcyiaxogvwfccud/Build/Products/Debug/WeirdPartsMacApp.app/Contents/PlugIns/WeirdPartsMacAppTests.xctest (in target 'WeirdPartsMacAppTests' from project 'WeirdPartsMacApp')
    cd /Users/IA/.paperclip/instances/default/workspaces/5ceb923d-4bd9-4bba-913c-6134b336a96e/Weird-Part-Run-2/mac
    builtin-RegisterExecutionPolicyException /Users/IA/Library/Developer/Xcode/DerivedData/Wierd_Parts-eofifeukfuklbhcyiaxogvwfccud/Build/Products/Debug/WeirdPartsMacApp.app/Contents/PlugIns/WeirdPartsMacAppTests.xctest

Touch /Users/IA/Library/Developer/Xcode/DerivedData/Wierd_Parts-eofifeukfuklbhcyiaxogvwfccud/Build/Products/Debug/WeirdPartsMacApp.app/Contents/PlugIns/WeirdPartsMacAppTests.xctest (in target 'WeirdPartsMacAppTests' from project 'WeirdPartsMacApp')
    cd /Users/IA/.paperclip/instances/default/workspaces/5ceb923d-4bd9-4bba-913c-6134b336a96e/Weird-Part-Run-2/mac
    /usr/bin/touch -c /Users/IA/Library/Developer/Xcode/DerivedData/Wierd_Parts-eofifeukfuklbhcyiaxogvwfccud/Build/Products/Debug/WeirdPartsMacApp.app/Contents/PlugIns/WeirdPartsMacAppTests.xctest

CodeSign /Users/IA/Library/Developer/Xcode/DerivedData/Wierd_Parts-eofifeukfuklbhcyiaxogvwfccud/Build/Products/Debug/WeirdPartsMacApp.app/Contents/MacOS/WeirdPartsMacApp.debug.dylib (in target 'WeirdPartsMacApp' from project 'WeirdPartsMacApp')
    cd /Users/IA/.paperclip/instances/default/workspaces/5ceb923d-4bd9-4bba-913c-6134b336a96e/Weird-Part-Run-2/mac

    Signing Identity:     "Sign to Run Locally"

    /usr/bin/codesign --force --sign - --timestamp\=none --generate-entitlement-der /Users/IA/Library/Developer/Xcode/DerivedData/Wierd_Parts-eofifeukfuklbhcyiaxogvwfccud/Build/Products/Debug/WeirdPartsMacApp.app/Contents/MacOS/WeirdPartsMacApp.debug.dylib

CodeSign /Users/IA/Library/Developer/Xcode/DerivedData/Wierd_Parts-eofifeukfuklbhcyiaxogvwfccud/Build/Products/Debug/WeirdPartsMacApp.app/Contents/MacOS/__preview.dylib (in target 'WeirdPartsMacApp' from project 'WeirdPartsMacApp')
    cd /Users/IA/.paperclip/instances/default/workspaces/5ceb923d-4bd9-4bba-913c-6134b336a96e/Weird-Part-Run-2/mac

    Signing Identity:     "Sign to Run Locally"

    /usr/bin/codesign --force --sign - --timestamp\=none --generate-entitlement-der /Users/IA/Library/Developer/Xcode/DerivedData/Wierd_Parts-eofifeukfuklbhcyiaxogvwfccud/Build/Products/Debug/WeirdPartsMacApp.app/Contents/MacOS/__preview.dylib

CodeSign /Users/IA/Library/Developer/Xcode/DerivedData/Wierd_Parts-eofifeukfuklbhcyiaxogvwfccud/Build/Products/Debug/WeirdPartsMacApp.app (in target 'WeirdPartsMacApp' from project 'WeirdPartsMacApp')
    cd /Users/IA/.paperclip/instances/default/workspaces/5ceb923d-4bd9-4bba-913c-6134b336a96e/Weird-Part-Run-2/mac

    Signing Identity:     "Sign to Run Locally"

    /usr/bin/codesign --force --sign - --entitlements /Users/IA/Library/Developer/Xcode/DerivedData/Wierd_Parts-eofifeukfuklbhcyiaxogvwfccud/Build/Intermediates.noindex/WeirdPartsMacApp.build/Debug/WeirdPartsMacApp.build/WeirdPartsMacApp.app.xcent --timestamp\=none --generate-entitlement-der /Users/IA/Library/Developer/Xcode/DerivedData/Wierd_Parts-eofifeukfuklbhcyiaxogvwfccud/Build/Products/Debug/WeirdPartsMacApp.app

RegisterExecutionPolicyException /Users/IA/Library/Developer/Xcode/DerivedData/Wierd_Parts-eofifeukfuklbhcyiaxogvwfccud/Build/Products/Debug/WeirdPartsMacApp.app (in target 'WeirdPartsMacApp' from project 'WeirdPartsMacApp')
    cd /Users/IA/.paperclip/instances/default/workspaces/5ceb923d-4bd9-4bba-913c-6134b336a96e/Weird-Part-Run-2/mac
    builtin-RegisterExecutionPolicyException /Users/IA/Library/Developer/Xcode/DerivedData/Wierd_Parts-eofifeukfuklbhcyiaxogvwfccud/Build/Products/Debug/WeirdPartsMacApp.app

Validate /Users/IA/Library/Developer/Xcode/DerivedData/Wierd_Parts-eofifeukfuklbhcyiaxogvwfccud/Build/Products/Debug/WeirdPartsMacApp.app (in target 'WeirdPartsMacApp' from project 'WeirdPartsMacApp')
    cd /Users/IA/.paperclip/instances/default/workspaces/5ceb923d-4bd9-4bba-913c-6134b336a96e/Weird-Part-Run-2/mac
    builtin-validationUtility /Users/IA/Library/Developer/Xcode/DerivedData/Wierd_Parts-eofifeukfuklbhcyiaxogvwfccud/Build/Products/Debug/WeirdPartsMacApp.app -no-validate-extension -infoplist-subpath Contents/Info.plist

Touch /Users/IA/Library/Developer/Xcode/DerivedData/Wierd_Parts-eofifeukfuklbhcyiaxogvwfccud/Build/Products/Debug/WeirdPartsMacApp.app (in target 'WeirdPartsMacApp' from project 'WeirdPartsMacApp')
    cd /Users/IA/.paperclip/instances/default/workspaces/5ceb923d-4bd9-4bba-913c-6134b336a96e/Weird-Part-Run-2/mac
    /usr/bin/touch -c /Users/IA/Library/Developer/Xcode/DerivedData/Wierd_Parts-eofifeukfuklbhcyiaxogvwfccud/Build/Products/Debug/WeirdPartsMacApp.app

RegisterWithLaunchServices /Users/IA/Library/Developer/Xcode/DerivedData/Wierd_Parts-eofifeukfuklbhcyiaxogvwfccud/Build/Products/Debug/WeirdPartsMacApp.app (in target 'WeirdPartsMacApp' from project 'WeirdPartsMacApp')
    cd /Users/IA/.paperclip/instances/default/workspaces/5ceb923d-4bd9-4bba-913c-6134b336a96e/Weird-Part-Run-2/mac
    /System/Library/Frameworks/CoreServices.framework/Versions/Current/Frameworks/LaunchServices.framework/Versions/Current/Support/lsregister -f -R -trusted /Users/IA/Library/Developer/Xcode/DerivedData/Wierd_Parts-eofifeukfuklbhcyiaxogvwfccud/Build/Products/Debug/WeirdPartsMacApp.app

2026-05-12 20:07:22.912579-0600 WeirdPartsMacApp[96753:40149817] ApplePersistenceIgnoreState: Existing state will not be touched. New state will be written to /var/folders/b9/zq87pny97hs3m6gqnl9mjzjm0000gr/T/ing.paperclip.weirdparts.macapp.savedState
Test Suite 'All tests' started at 2026-05-12 20:07:23.009.
Test Suite 'WeirdPartsMacAppTests.xctest' started at 2026-05-12 20:07:23.010.
Test Suite 'WeirdPartsMacAppTests' started at 2026-05-12 20:07:23.010.
Test Case '-[WeirdPartsMacAppTests.WeirdPartsMacAppTests testDiagnosticsAppInfoFallsBackToUnknownWhenBundleMetadataMissing]' started.
Test Case '-[WeirdPartsMacAppTests.WeirdPartsMacAppTests testDiagnosticsAppInfoFallsBackToUnknownWhenBundleMetadataMissing]' passed (0.001 seconds).
Test Case '-[WeirdPartsMacAppTests.WeirdPartsMacAppTests testDiagnosticsPayloadIsDeterministicAndParseable]' started.
Test Case '-[WeirdPartsMacAppTests.WeirdPartsMacAppTests testDiagnosticsPayloadIsDeterministicAndParseable]' passed (0.002 seconds).
Test Case '-[WeirdPartsMacAppTests.WeirdPartsMacAppTests testRetryCanRecoverToReadyState]' started.
Test Case '-[WeirdPartsMacAppTests.WeirdPartsMacAppTests testRetryCanRecoverToReadyState]' passed (0.172 seconds).
Test Case '-[WeirdPartsMacAppTests.WeirdPartsMacAppTests testTimeoutFailureIncludesErrorContext]' started.
Test Case '-[WeirdPartsMacAppTests.WeirdPartsMacAppTests testTimeoutFailureIncludesErrorContext]' passed (0.087 seconds).
Test Case '-[WeirdPartsMacAppTests.WeirdPartsMacAppTests testTimeoutTransitionEmitsFailedState]' started.
Test Case '-[WeirdPartsMacAppTests.WeirdPartsMacAppTests testTimeoutTransitionEmitsFailedState]' passed (0.085 seconds).
Test Suite 'WeirdPartsMacAppTests' passed at 2026-05-12 20:07:23.360.
	 Executed 5 tests, with 0 failures (0 unexpected) in 0.347 (0.350) seconds
Test Suite 'WeirdPartsMacAppTests.xctest' passed at 2026-05-12 20:07:23.360.
	 Executed 5 tests, with 0 failures (0 unexpected) in 0.347 (0.351) seconds
Test Suite 'All tests' passed at 2026-05-12 20:07:23.361.
	 Executed 5 tests, with 0 failures (0 unexpected) in 0.347 (0.351) seconds

Test session results, code coverage, and logs:
	/Users/IA/.paperclip/instances/default/workspaces/5ceb923d-4bd9-4bba-913c-6134b336a96e/Weird-Part-Run-2/docs/evidence/WEI-850/WEI-971/WiredPart-macOS.xcresult

** TEST SUCCEEDED **

Testing started
